"State","District","Predictor_Year","Target_Year","Crime_Type","Cases_Reported","Population","Actual_Next_Year_Risk","Predicted_Next_Year_Risk","Match"
"Bihar","Araria",2022,2023,"Assault",100,3952267,"High","Medium","Incorrect"
"Bihar","Araria",2022,2023,"Burglary",849,3952267,"Low","Low","Correct"
"Bihar","Araria",2022,2023,"Cybercrime",517,3952267,"Low","Low","Correct"
"Bihar","Araria",2022,2023,"Dowry Deaths",377,3952267,"Low","High","Incorrect"
"Bihar","Araria",2022,2023,"Fraud",514,3952267,"Medium","Medium","Correct"
"Bihar","Araria",2022,2023,"Kidnapping",88,3952267,"Low","High","Incorrect"
"Bihar","Araria",2022,2023,"Murder",191,3952267,"Low","Medium","Incorrect"
"Bihar","Araria",2022,2023,"Rape",962,3952267,"Medium","Medium","Correct"
"Bihar","Araria",2022,2023,"Robbery",1109,3952267,"Medium","Low","Incorrect"
"Bihar","Araria",2022,2023,"Theft",473,3952267,"Low","High","Incorrect"
"Bihar","Arrah",2022,2023,"Assault",297,4036270,"Low","Medium","Incorrect"
"Bihar","Arrah",2022,2023,"Burglary",876,4036270,"Medium","Low","Incorrect"
"Bihar","Arrah",2022,2023,"Cybercrime",703,4036270,"High","Medium","Incorrect"
"Bihar","Arrah",2022,2023,"Dowry Deaths",467,4036270,"High","Medium","Incorrect"
"Bihar","Arrah",2022,2023,"Fraud",827,4036270,"High","Medium","Incorrect"
"Bihar","Arrah",2022,2023,"Kidnapping",521,4036270,"Medium","Low","Incorrect"
"Bihar","Arrah",2022,2023,"Murder",1184,4036270,"High","Medium","Incorrect"
"Bihar","Arrah",2022,2023,"Rape",178,4036270,"Low","High","Incorrect"
"Bihar","Arrah",2022,2023,"Robbery",992,4036270,"Medium","Medium","Correct"
"Bihar","Arrah",2022,2023,"Theft",553,4036270,"High","Low","Incorrect"
"Bihar","Banka",2022,2023,"Assault",419,3153916,"High","Medium","Incorrect"
"Bihar","Banka",2022,2023,"Burglary",844,3153916,"High","High","Correct"
"Bihar","Banka",2022,2023,"Cybercrime",593,3153916,"Low","High","Incorrect"
"Bihar","Banka",2022,2023,"Dowry Deaths",509,3153916,"Low","High","Incorrect"
"Bihar","Banka",2022,2023,"Fraud",375,3153916,"Medium","High","Incorrect"
"Bihar","Banka",2022,2023,"Kidnapping",926,3153916,"High","High","Correct"
"Bihar","Banka",2022,2023,"Murder",755,3153916,"High","High","Correct"
"Bihar","Banka",2022,2023,"Rape",880,3153916,"Low","Low","Correct"
"Bihar","Banka",2022,2023,"Robbery",399,3153916,"High","High","Correct"
"Bihar","Banka",2022,2023,"Theft",764,3153916,"Medium","High","Incorrect"
"Bihar","Begusarai",2022,2023,"Assault",1026,2970339,"Medium","High","Incorrect"
"Bihar","Begusarai",2022,2023,"Burglary",874,2970339,"High","High","Correct"
"Bihar","Begusarai",2022,2023,"Cybercrime",545,2970339,"High","High","Correct"
"Bihar","Begusarai",2022,2023,"Dowry Deaths",732,2970339,"High","High","Correct"
"Bihar","Begusarai",2022,2023,"Fraud",710,2970339,"Low","High","Incorrect"
"Bihar","Begusarai",2022,2023,"Kidnapping",682,2970339,"Low","High","Incorrect"
"Bihar","Begusarai",2022,2023,"Murder",712,2970339,"High","High","Correct"
"Bihar","Begusarai",2022,2023,"Rape",1195,2970339,"Medium","High","Incorrect"
"Bihar","Begusarai",2022,2023,"Robbery",56,2970339,"Medium","High","Incorrect"
"Bihar","Begusarai",2022,2023,"Theft",1008,2970339,"High","High","Correct"
"Bihar","Bhagalpur",2022,2023,"Assault",818,2503206,"Low","High","Incorrect"
"Bihar","Bhagalpur",2022,2023,"Burglary",819,2503206,"Low","High","Incorrect"
"Bihar","Bhagalpur",2022,2023,"Cybercrime",723,2503206,"Medium","Low","Incorrect"
"Bihar","Bhagalpur",2022,2023,"Dowry Deaths",1075,2503206,"High","High","Correct"
"Bihar","Bhagalpur",2022,2023,"Fraud",490,2503206,"Low","High","Incorrect"
"Bihar","Bhagalpur",2022,2023,"Kidnapping",128,2503206,"High","High","Correct"
"Bihar","Bhagalpur",2022,2023,"Murder",220,2503206,"High","High","Correct"
"Bihar","Bhagalpur",2022,2023,"Rape",907,2503206,"High","High","Correct"
"Bihar","Bhagalpur",2022,2023,"Robbery",699,2503206,"High","High","Correct"
"Bihar","Bhagalpur",2022,2023,"Theft",434,2503206,"Low","High","Incorrect"
"Bihar","Buxar",2022,2023,"Assault",866,1595773,"High","High","Correct"
"Bihar","Buxar",2022,2023,"Burglary",618,1595773,"High","High","Correct"
"Bihar","Buxar",2022,2023,"Cybercrime",316,1595773,"High","High","Correct"
"Bihar","Buxar",2022,2023,"Dowry Deaths",585,1595773,"High","High","Correct"
"Bihar","Buxar",2022,2023,"Fraud",868,1595773,"High","High","Correct"
"Bihar","Buxar",2022,2023,"Kidnapping",656,1595773,"High","High","Correct"
"Bihar","Buxar",2022,2023,"Murder",166,1595773,"High","High","Correct"
"Bihar","Buxar",2022,2023,"Rape",726,1595773,"High","High","Correct"
"Bihar","Buxar",2022,2023,"Robbery",228,1595773,"Low","High","Incorrect"
"Bihar","Buxar",2022,2023,"Theft",1158,1595773,"High","High","Correct"
"Bihar","Darbhanga",2022,2023,"Assault",527,4007665,"Low","Low","Correct"
"Bihar","Darbhanga",2022,2023,"Burglary",455,4007665,"Medium","High","Incorrect"
"Bihar","Darbhanga",2022,2023,"Cybercrime",976,4007665,"High","Medium","Incorrect"
"Bihar","Darbhanga",2022,2023,"Dowry Deaths",44,4007665,"Low","Medium","Incorrect"
"Bihar","Darbhanga",2022,2023,"Fraud",231,4007665,"Medium","Medium","Correct"
"Bihar","Darbhanga",2022,2023,"Kidnapping",954,4007665,"Medium","High","Incorrect"
"Bihar","Darbhanga",2022,2023,"Murder",51,4007665,"Low","High","Incorrect"
"Bihar","Darbhanga",2022,2023,"Rape",74,4007665,"Low","Low","Correct"
"Bihar","Darbhanga",2022,2023,"Robbery",1029,4007665,"Medium","Low","Incorrect"
"Bihar","Darbhanga",2022,2023,"Theft",1037,4007665,"Low","Low","Correct"
"Bihar","Gaya",2022,2023,"Assault",1129,2753687,"High","High","Correct"
"Bihar","Gaya",2022,2023,"Burglary",548,2753687,"High","High","Correct"
"Bihar","Gaya",2022,2023,"Cybercrime",512,2753687,"Low","High","Incorrect"
"Bihar","Gaya",2022,2023,"Dowry Deaths",973,2753687,"Low","High","Incorrect"
"Bihar","Gaya",2022,2023,"Fraud",483,2753687,"Low","High","Incorrect"
"Bihar","Gaya",2022,2023,"Kidnapping",175,2753687,"Low","High","Incorrect"
"Bihar","Gaya",2022,2023,"Murder",528,2753687,"High","High","Correct"
"Bihar","Gaya",2022,2023,"Rape",512,2753687,"High","High","Correct"
"Bihar","Gaya",2022,2023,"Robbery",585,2753687,"Medium","High","Incorrect"
"Bihar","Gaya",2022,2023,"Theft",1177,2753687,"Low","High","Incorrect"
"Bihar","Gopalganj",2022,2023,"Assault",694,6654772,"Medium","Low","Incorrect"
"Bihar","Gopalganj",2022,2023,"Burglary",304,6654772,"Low","Low","Correct"
"Bihar","Gopalganj",2022,2023,"Cybercrime",886,6654772,"Low","Medium","Incorrect"
"Bihar","Gopalganj",2022,2023,"Dowry Deaths",555,6654772,"Low","Medium","Incorrect"
"Bihar","Gopalganj",2022,2023,"Fraud",490,6654772,"Medium","Low","Incorrect"
"Bihar","Gopalganj",2022,2023,"Kidnapping",364,6654772,"Medium","Low","Incorrect"
"Bihar","Gopalganj",2022,2023,"Murder",220,6654772,"Medium","Low","Incorrect"
"Bihar","Gopalganj",2022,2023,"Rape",186,6654772,"Low","Medium","Incorrect"
"Bihar","Gopalganj",2022,2023,"Robbery",1069,6654772,"Medium","Low","Incorrect"
"Bihar","Gopalganj",2022,2023,"Theft",1044,6654772,"Low","Low","Correct"
"Bihar","Jamui",2022,2023,"Assault",624,3266935,"Medium","High","Incorrect"
"Bihar","Jamui",2022,2023,"Burglary",259,3266935,"High","High","Correct"
"Bihar","Jamui",2022,2023,"Cybercrime",321,3266935,"Medium","High","Incorrect"
"Bihar","Jamui",2022,2023,"Dowry Deaths",795,3266935,"Low","High","Incorrect"
"Bihar","Jamui",2022,2023,"Fraud",663,3266935,"Low","High","Incorrect"
"Bihar","Jamui",2022,2023,"Kidnapping",524,3266935,"Medium","High","Incorrect"
"Bihar","Jamui",2022,2023,"Murder",225,3266935,"High","High","Correct"
"Bihar","Jamui",2022,2023,"Rape",945,3266935,"High","Medium","Incorrect"
"Bihar","Jamui",2022,2023,"Robbery",816,3266935,"Low","Medium","Incorrect"
"Bihar","Jamui",2022,2023,"Theft",863,3266935,"High","High","Correct"
"Bihar","Katihar",2022,2023,"Assault",961,1851375,"Medium","High","Incorrect"
"Bihar","Katihar",2022,2023,"Burglary",145,1851375,"High","High","Correct"
"Bihar","Katihar",2022,2023,"Cybercrime",20,1851375,"High","High","Correct"
"Bihar","Katihar",2022,2023,"Dowry Deaths",691,1851375,"High","High","Correct"
"Bihar","Katihar",2022,2023,"Fraud",1126,1851375,"High","High","Correct"
"Bihar","Katihar",2022,2023,"Kidnapping",970,1851375,"High","High","Correct"
"Bihar","Katihar",2022,2023,"Murder",513,1851375,"High","High","Correct"
"Bihar","Katihar",2022,2023,"Rape",138,1851375,"Medium","High","Incorrect"
"Bihar","Katihar",2022,2023,"Robbery",754,1851375,"High","High","Correct"
"Bihar","Katihar",2022,2023,"Theft",1187,1851375,"High","High","Correct"
"Bihar","Khagaria",2022,2023,"Assault",916,4613021,"Low","Low","Correct"
"Bihar","Khagaria",2022,2023,"Burglary",128,4613021,"Medium","Medium","Correct"
"Bihar","Khagaria",2022,2023,"Cybercrime",316,4613021,"Medium","Medium","Correct"
"Bihar","Khagaria",2022,2023,"Dowry Deaths",1068,4613021,"Medium","Medium","Correct"
"Bihar","Khagaria",2022,2023,"Fraud",171,4613021,"High","Medium","Incorrect"
"Bihar","Khagaria",2022,2023,"Kidnapping",383,4613021,"Low","Low","Correct"
"Bihar","Khagaria",2022,2023,"Murder",358,4613021,"Medium","Medium","Correct"
"Bihar","Khagaria",2022,2023,"Rape",1175,4613021,"Low","Medium","Incorrect"
"Bihar","Khagaria",2022,2023,"Robbery",402,4613021,"Medium","Low","Incorrect"
"Bihar","Khagaria",2022,2023,"Theft",822,4613021,"Low","Low","Correct"
"Bihar","Kishanganj",2022,2023,"Assault",509,5286244,"Medium","Low","Incorrect"
"Bihar","Kishanganj",2022,2023,"Burglary",390,5286244,"Medium","Medium","Correct"
"Bihar","Kishanganj",2022,2023,"Cybercrime",742,5286244,"Low","Medium","Incorrect"
"Bihar","Kishanganj",2022,2023,"Dowry Deaths",465,5286244,"Medium","Medium","Correct"
"Bihar","Kishanganj",2022,2023,"Fraud",291,5286244,"Medium","Medium","Correct"
"Bihar","Kishanganj",2022,2023,"Kidnapping",669,5286244,"Medium","Low","Incorrect"
"Bihar","Kishanganj",2022,2023,"Murder",701,5286244,"Medium","Low","Incorrect"
"Bihar","Kishanganj",2022,2023,"Rape",1177,5286244,"Medium","Low","Incorrect"
"Bihar","Kishanganj",2022,2023,"Robbery",487,5286244,"Low","Medium","Incorrect"
"Bihar","Kishanganj",2022,2023,"Theft",434,5286244,"Medium","Medium","Correct"
"Bihar","Madhubani",2022,2023,"Assault",455,4815127,"High","Low","Incorrect"
"Bihar","Madhubani",2022,2023,"Burglary",419,4815127,"Medium","Low","Incorrect"
"Bihar","Madhubani",2022,2023,"Cybercrime",1041,4815127,"Medium","Low","Incorrect"
"Bihar","Madhubani",2022,2023,"Dowry Deaths",1114,4815127,"Medium","Low","Incorrect"
"Bihar","Madhubani",2022,2023,"Fraud",854,4815127,"Medium","Medium","Correct"
"Bihar","Madhubani",2022,2023,"Kidnapping",705,4815127,"Medium","Low","Incorrect"
"Bihar","Madhubani",2022,2023,"Murder",57,4815127,"Medium","Medium","Correct"
"Bihar","Madhubani",2022,2023,"Rape",1093,4815127,"High","Medium","Incorrect"
"Bihar","Madhubani",2022,2023,"Robbery",909,4815127,"Medium","Low","Incorrect"
"Bihar","Madhubani",2022,2023,"Theft",267,4815127,"Low","Medium","Incorrect"
"Bihar","Motihari",2022,2023,"Assault",817,4387449,"Medium","Low","Incorrect"
"Bihar","Motihari",2022,2023,"Burglary",387,4387449,"Medium","Medium","Correct"
"Bihar","Motihari",2022,2023,"Cybercrime",58,4387449,"Medium","Medium","Correct"
"Bihar","Motihari",2022,2023,"Dowry Deaths",261,4387449,"Medium","Medium","Correct"
"Bihar","Motihari",2022,2023,"Fraud",752,4387449,"Low","Medium","Incorrect"
"Bihar","Motihari",2022,2023,"Kidnapping",716,4387449,"Low","Low","Correct"
"Bihar","Motihari",2022,2023,"Murder",482,4387449,"Low","High","Incorrect"
"Bihar","Motihari",2022,2023,"Rape",210,4387449,"Low","Medium","Incorrect"
"Bihar","Motihari",2022,2023,"Robbery",335,4387449,"Low","Low","Correct"
"Bihar","Motihari",2022,2023,"Theft",1187,4387449,"Medium","Low","Incorrect"
"Bihar","Muzaffarpur",2022,2023,"Assault",1169,2159899,"Low","High","Incorrect"
"Bihar","Muzaffarpur",2022,2023,"Burglary",1115,2159899,"High","High","Correct"
"Bihar","Muzaffarpur",2022,2023,"Cybercrime",300,2159899,"High","High","Correct"
"Bihar","Muzaffarpur",2022,2023,"Dowry Deaths",651,2159899,"High","High","Correct"
"Bihar","Muzaffarpur",2022,2023,"Fraud",656,2159899,"Medium","High","Incorrect"
"Bihar","Muzaffarpur",2022,2023,"Kidnapping",325,2159899,"High","High","Correct"
"Bihar","Muzaffarpur",2022,2023,"Murder",844,2159899,"High","High","Correct"
"Bihar","Muzaffarpur",2022,2023,"Rape",403,2159899,"High","High","Correct"
"Bihar","Muzaffarpur",2022,2023,"Robbery",694,2159899,"High","High","Correct"
"Bihar","Muzaffarpur",2022,2023,"Theft",371,2159899,"Medium","High","Incorrect"
"Bihar","Nalanda",2022,2023,"Assault",61,2586919,"High","High","Correct"
"Bihar","Nalanda",2022,2023,"Burglary",146,2586919,"High","High","Correct"
"Bihar","Nalanda",2022,2023,"Cybercrime",104,2586919,"High","High","Correct"
"Bihar","Nalanda",2022,2023,"Dowry Deaths",546,2586919,"High","High","Correct"
"Bihar","Nalanda",2022,2023,"Fraud",755,2586919,"High","High","Correct"
"Bihar","Nalanda",2022,2023,"Kidnapping",651,2586919,"High","High","Correct"
"Bihar","Nalanda",2022,2023,"Murder",1055,2586919,"Low","High","Incorrect"
"Bihar","Nalanda",2022,2023,"Rape",700,2586919,"High","High","Correct"
"Bihar","Nalanda",2022,2023,"Robbery",415,2586919,"Medium","High","Incorrect"
"Bihar","Nalanda",2022,2023,"Theft",815,2586919,"Low","High","Incorrect"
"Bihar","Patna",2022,2023,"Assault",321,4113023,"Low","High","Incorrect"
"Bihar","Patna",2022,2023,"Burglary",482,4113023,"Low","High","Incorrect"
"Bihar","Patna",2022,2023,"Cybercrime",969,4113023,"Medium","Medium","Correct"
"Bihar","Patna",2022,2023,"Dowry Deaths",895,4113023,"Low","Low","Correct"
"Bihar","Patna",2022,2023,"Fraud",869,4113023,"High","High","Correct"
"Bihar","Patna",2022,2023,"Kidnapping",281,4113023,"High","Medium","Incorrect"
"Bihar","Patna",2022,2023,"Murder",924,4113023,"High","Low","Incorrect"
"Bihar","Patna",2022,2023,"Rape",329,4113023,"High","Medium","Incorrect"
"Bihar","Patna",2022,2023,"Robbery",561,4113023,"Low","High","Incorrect"
"Bihar","Patna",2022,2023,"Theft",608,4113023,"High","Low","Incorrect"
"Bihar","Purnia",2022,2023,"Assault",734,1129284,"High","High","Correct"
"Bihar","Purnia",2022,2023,"Burglary",145,1129284,"High","High","Correct"
"Bihar","Purnia",2022,2023,"Cybercrime",978,1129284,"High","High","Correct"
"Bihar","Purnia",2022,2023,"Dowry Deaths",236,1129284,"High","High","Correct"
"Bihar","Purnia",2022,2023,"Fraud",801,1129284,"High","High","Correct"
"Bihar","Purnia",2022,2023,"Kidnapping",150,1129284,"High","High","Correct"
"Bihar","Purnia",2022,2023,"Murder",909,1129284,"Medium","High","Incorrect"
"Bihar","Purnia",2022,2023,"Rape",319,1129284,"High","High","Correct"
"Bihar","Purnia",2022,2023,"Robbery",633,1129284,"High","High","Correct"
"Bihar","Purnia",2022,2023,"Theft",1013,1129284,"High","High","Correct"
"Bihar","Rohtas",2022,2023,"Assault",219,4198304,"Low","Medium","Incorrect"
"Bihar","Rohtas",2022,2023,"Burglary",1097,4198304,"Medium","Medium","Correct"
"Bihar","Rohtas",2022,2023,"Cybercrime",588,4198304,"High","Medium","Incorrect"
"Bihar","Rohtas",2022,2023,"Dowry Deaths",311,4198304,"Low","Medium","Incorrect"
"Bihar","Rohtas",2022,2023,"Fraud",986,4198304,"Medium","High","Incorrect"
"Bihar","Rohtas",2022,2023,"Kidnapping",463,4198304,"Medium","Medium","Correct"
"Bihar","Rohtas",2022,2023,"Murder",1110,4198304,"High","Low","Incorrect"
"Bihar","Rohtas",2022,2023,"Rape",482,4198304,"Medium","High","Incorrect"
"Bihar","Rohtas",2022,2023,"Robbery",982,4198304,"High","Low","Incorrect"
"Bihar","Rohtas",2022,2023,"Theft",1131,4198304,"Low","Low","Correct"
"Bihar","Saharsa",2022,2023,"Assault",846,3301181,"Low","Medium","Incorrect"
"Bihar","Saharsa",2022,2023,"Burglary",1085,3301181,"High","Low","Incorrect"
"Bihar","Saharsa",2022,2023,"Cybercrime",588,3301181,"Medium","High","Incorrect"
"Bihar","Saharsa",2022,2023,"Dowry Deaths",1175,3301181,"High","Low","Incorrect"
"Bihar","Saharsa",2022,2023,"Fraud",571,3301181,"High","Medium","Incorrect"
"Bihar","Saharsa",2022,2023,"Kidnapping",687,3301181,"High","Low","Incorrect"
"Bihar","Saharsa",2022,2023,"Murder",1087,3301181,"Medium","Medium","Correct"
"Bihar","Saharsa",2022,2023,"Rape",695,3301181,"High","High","Correct"
"Bihar","Saharsa",2022,2023,"Robbery",1002,3301181,"Medium","High","Incorrect"
"Bihar","Saharsa",2022,2023,"Theft",649,3301181,"Low","High","Incorrect"
"Bihar","Samastipur",2022,2023,"Assault",711,3646843,"Low","Low","Correct"
"Bihar","Samastipur",2022,2023,"Burglary",447,3646843,"Medium","High","Incorrect"
"Bihar","Samastipur",2022,2023,"Cybercrime",894,3646843,"High","Medium","Incorrect"
"Bihar","Samastipur",2022,2023,"Dowry Deaths",177,3646843,"Low","Medium","Incorrect"
"Bihar","Samastipur",2022,2023,"Fraud",563,3646843,"Low","Low","Correct"
"Bihar","Samastipur",2022,2023,"Kidnapping",173,3646843,"High","Medium","Incorrect"
"Bihar","Samastipur",2022,2023,"Murder",605,3646843,"Medium","High","Incorrect"
"Bihar","Samastipur",2022,2023,"Rape",708,3646843,"Medium","Low","Incorrect"
"Bihar","Samastipur",2022,2023,"Robbery",863,3646843,"Medium","Medium","Correct"
"Bihar","Samastipur",2022,2023,"Theft",363,3646843,"High","Medium","Incorrect"
"Bihar","Saran",2022,2023,"Assault",288,6768766,"Medium","Low","Incorrect"
"Bihar","Saran",2022,2023,"Burglary",718,6768766,"Low","Low","Correct"
"Bihar","Saran",2022,2023,"Cybercrime",784,6768766,"Medium","Low","Incorrect"
"Bihar","Saran",2022,2023,"Dowry Deaths",557,6768766,"Low","Low","Correct"
"Bihar","Saran",2022,2023,"Fraud",75,6768766,"Low","Low","Correct"
"Bihar","Saran",2022,2023,"Kidnapping",1148,6768766,"Low","Medium","Incorrect"
"Bihar","Saran",2022,2023,"Murder",1059,6768766,"Low","Low","Correct"
"Bihar","Saran",2022,2023,"Rape",772,6768766,"Low","Low","Correct"
"Bihar","Saran",2022,2023,"Robbery",659,6768766,"Low","Low","Correct"
"Bihar","Saran",2022,2023,"Theft",48,6768766,"Medium","Medium","Correct"
"Bihar","Sitamarhi",2022,2023,"Assault",1144,1510328,"High","High","Correct"
"Bihar","Sitamarhi",2022,2023,"Burglary",827,1510328,"High","High","Correct"
"Bihar","Sitamarhi",2022,2023,"Cybercrime",518,1510328,"High","High","Correct"
"Bihar","Sitamarhi",2022,2023,"Dowry Deaths",1151,1510328,"High","High","Correct"
"Bihar","Sitamarhi",2022,2023,"Fraud",687,1510328,"High","High","Correct"
"Bihar","Sitamarhi",2022,2023,"Kidnapping",517,1510328,"High","High","Correct"
"Bihar","Sitamarhi",2022,2023,"Murder",1069,1510328,"High","High","Correct"
"Bihar","Sitamarhi",2022,2023,"Rape",885,1510328,"High","High","Correct"
"Bihar","Sitamarhi",2022,2023,"Robbery",447,1510328,"High","High","Correct"
"Bihar","Sitamarhi",2022,2023,"Theft",577,1510328,"High","High","Correct"
"Bihar","Siwan",2022,2023,"Assault",893,2299224,"High","High","Correct"
"Bihar","Siwan",2022,2023,"Burglary",191,2299224,"Medium","High","Incorrect"
"Bihar","Siwan",2022,2023,"Cybercrime",900,2299224,"High","High","Correct"
"Bihar","Siwan",2022,2023,"Dowry Deaths",66,2299224,"Low","High","Incorrect"
"Bihar","Siwan",2022,2023,"Fraud",1020,2299224,"High","High","Correct"
"Bihar","Siwan",2022,2023,"Kidnapping",843,2299224,"High","High","Correct"
"Bihar","Siwan",2022,2023,"Murder",826,2299224,"High","High","Correct"
"Bihar","Siwan",2022,2023,"Rape",1055,2299224,"High","High","Correct"
"Bihar","Siwan",2022,2023,"Robbery",1029,2299224,"Medium","High","Incorrect"
"Bihar","Siwan",2022,2023,"Theft",565,2299224,"Medium","High","Incorrect"
"Gujarat","Ahmedabad",2022,2023,"Assault",756,5951145,"Medium","Low","Incorrect"
"Gujarat","Ahmedabad",2022,2023,"Burglary",269,5951145,"Low","Low","Correct"
"Gujarat","Ahmedabad",2022,2023,"Cybercrime",683,5951145,"Low","Low","Correct"
"Gujarat","Ahmedabad",2022,2023,"Dowry Deaths",36,5951145,"Low","Medium","Incorrect"
"Gujarat","Ahmedabad",2022,2023,"Fraud",565,5951145,"Medium","Medium","Correct"
"Gujarat","Ahmedabad",2022,2023,"Kidnapping",934,5951145,"Low","Medium","Incorrect"
"Gujarat","Ahmedabad",2022,2023,"Murder",832,5951145,"Low","Low","Correct"
"Gujarat","Ahmedabad",2022,2023,"Rape",856,5951145,"Medium","Medium","Correct"
"Gujarat","Ahmedabad",2022,2023,"Robbery",322,5951145,"Low","Low","Correct"
"Gujarat","Ahmedabad",2022,2023,"Theft",385,5951145,"Medium","Low","Incorrect"
"Gujarat","Amreli",2022,2023,"Assault",361,2617033,"Medium","High","Incorrect"
"Gujarat","Amreli",2022,2023,"Burglary",878,2617033,"High","High","Correct"
"Gujarat","Amreli",2022,2023,"Cybercrime",1099,2617033,"High","High","Correct"
"Gujarat","Amreli",2022,2023,"Dowry Deaths",963,2617033,"High","High","Correct"
"Gujarat","Amreli",2022,2023,"Fraud",136,2617033,"Low","High","Incorrect"
"Gujarat","Amreli",2022,2023,"Kidnapping",610,2617033,"Medium","High","Incorrect"
"Gujarat","Amreli",2022,2023,"Murder",39,2617033,"High","Low","Incorrect"
"Gujarat","Amreli",2022,2023,"Rape",823,2617033,"High","High","Correct"
"Gujarat","Amreli",2022,2023,"Robbery",670,2617033,"High","High","Correct"
"Gujarat","Amreli",2022,2023,"Theft",1044,2617033,"Medium","High","Incorrect"
"Gujarat","Anand",2022,2023,"Assault",1091,4465941,"Medium","Low","Incorrect"
"Gujarat","Anand",2022,2023,"Burglary",446,4465941,"Medium","Low","Incorrect"
"Gujarat","Anand",2022,2023,"Cybercrime",1137,4465941,"High","Medium","Incorrect"
"Gujarat","Anand",2022,2023,"Dowry Deaths",346,4465941,"High","Low","Incorrect"
"Gujarat","Anand",2022,2023,"Fraud",155,4465941,"Medium","Medium","Correct"
"Gujarat","Anand",2022,2023,"Kidnapping",1029,4465941,"Low","Medium","Incorrect"
"Gujarat","Anand",2022,2023,"Murder",439,4465941,"Medium","Medium","Correct"
"Gujarat","Anand",2022,2023,"Rape",264,4465941,"High","Medium","Incorrect"
"Gujarat","Anand",2022,2023,"Robbery",49,4465941,"Medium","Low","Incorrect"
"Gujarat","Anand",2022,2023,"Theft",965,4465941,"High","Medium","Incorrect"
"Gujarat","Aravalli",2022,2023,"Assault",519,6638111,"Low","Medium","Incorrect"
"Gujarat","Aravalli",2022,2023,"Burglary",413,6638111,"Medium","Low","Incorrect"
"Gujarat","Aravalli",2022,2023,"Cybercrime",1118,6638111,"Low","Low","Correct"
"Gujarat","Aravalli",2022,2023,"Dowry Deaths",434,6638111,"Low","Low","Correct"
"Gujarat","Aravalli",2022,2023,"Fraud",1065,6638111,"Low","Low","Correct"
"Gujarat","Aravalli",2022,2023,"Kidnapping",1133,6638111,"Medium","Low","Incorrect"
"Gujarat","Aravalli",2022,2023,"Murder",823,6638111,"Medium","Low","Incorrect"
"Gujarat","Aravalli",2022,2023,"Rape",484,6638111,"Low","Low","Correct"
"Gujarat","Aravalli",2022,2023,"Robbery",927,6638111,"Medium","Medium","Correct"
"Gujarat","Aravalli",2022,2023,"Theft",571,6638111,"Low","Low","Correct"
"Gujarat","Banaskantha",2022,2023,"Assault",220,6433235,"Low","Low","Correct"
"Gujarat","Banaskantha",2022,2023,"Burglary",804,6433235,"Low","Medium","Incorrect"
"Gujarat","Banaskantha",2022,2023,"Cybercrime",663,6433235,"Low","Medium","Incorrect"
"Gujarat","Banaskantha",2022,2023,"Dowry Deaths",963,6433235,"Low","Low","Correct"
"Gujarat","Banaskantha",2022,2023,"Fraud",158,6433235,"Medium","Low","Incorrect"
"Gujarat","Banaskantha",2022,2023,"Kidnapping",868,6433235,"Medium","Low","Incorrect"
"Gujarat","Banaskantha",2022,2023,"Murder",490,6433235,"Medium","Low","Incorrect"
"Gujarat","Banaskantha",2022,2023,"Rape",114,6433235,"Low","Low","Correct"
"Gujarat","Banaskantha",2022,2023,"Robbery",618,6433235,"Low","Low","Correct"
"Gujarat","Banaskantha",2022,2023,"Theft",619,6433235,"Medium","Low","Incorrect"
"Gujarat","Bharuch",2022,2023,"Assault",84,6165299,"Low","Medium","Incorrect"
"Gujarat","Bharuch",2022,2023,"Burglary",1152,6165299,"Medium","Medium","Correct"
"Gujarat","Bharuch",2022,2023,"Cybercrime",860,6165299,"Low","Medium","Incorrect"
"Gujarat","Bharuch",2022,2023,"Dowry Deaths",919,6165299,"Medium","Medium","Correct"
"Gujarat","Bharuch",2022,2023,"Fraud",422,6165299,"Low","Medium","Incorrect"
"Gujarat","Bharuch",2022,2023,"Kidnapping",534,6165299,"Low","Low","Correct"
"Gujarat","Bharuch",2022,2023,"Murder",1110,6165299,"Medium","Low","Incorrect"
"Gujarat","Bharuch",2022,2023,"Rape",562,6165299,"Medium","Low","Incorrect"
"Gujarat","Bharuch",2022,2023,"Robbery",995,6165299,"Medium","Low","Incorrect"
"Gujarat","Bharuch",2022,2023,"Theft",152,6165299,"Low","Low","Correct"
"Gujarat","Bhavnagar",2022,2023,"Assault",493,5414781,"Medium","Medium","Correct"
"Gujarat","Bhavnagar",2022,2023,"Burglary",364,5414781,"Medium","Medium","Correct"
"Gujarat","Bhavnagar",2022,2023,"Cybercrime",977,5414781,"Medium","Medium","Correct"
"Gujarat","Bhavnagar",2022,2023,"Dowry Deaths",45,5414781,"Low","Medium","Incorrect"
"Gujarat","Bhavnagar",2022,2023,"Fraud",960,5414781,"Medium","Low","Incorrect"
"Gujarat","Bhavnagar",2022,2023,"Kidnapping",879,5414781,"Medium","Medium","Correct"
"Gujarat","Bhavnagar",2022,2023,"Murder",963,5414781,"Low","Medium","Incorrect"
"Gujarat","Bhavnagar",2022,2023,"Rape",899,5414781,"Low","Medium","Incorrect"
"Gujarat","Bhavnagar",2022,2023,"Robbery",179,5414781,"Low","Low","Correct"
"Gujarat","Bhavnagar",2022,2023,"Theft",453,5414781,"Low","Low","Correct"
"Gujarat","Botad",2022,2023,"Assault",733,5000871,"Medium","Medium","Correct"
"Gujarat","Botad",2022,2023,"Burglary",521,5000871,"Medium","Medium","Correct"
"Gujarat","Botad",2022,2023,"Cybercrime",790,5000871,"Low","Low","Correct"
"Gujarat","Botad",2022,2023,"Dowry Deaths",38,5000871,"Medium","Medium","Correct"
"Gujarat","Botad",2022,2023,"Fraud",195,5000871,"Low","Medium","Incorrect"
"Gujarat","Botad",2022,2023,"Kidnapping",792,5000871,"Low","Low","Correct"
"Gujarat","Botad",2022,2023,"Murder",1188,5000871,"Medium","Low","Incorrect"
"Gujarat","Botad",2022,2023,"Rape",681,5000871,"Low","Low","Correct"
"Gujarat","Botad",2022,2023,"Robbery",719,5000871,"Medium","Medium","Correct"
"Gujarat","Botad",2022,2023,"Theft",316,5000871,"High","Medium","Incorrect"
"Gujarat","Dahod",2022,2023,"Assault",130,5575810,"Medium","Low","Incorrect"
"Gujarat","Dahod",2022,2023,"Burglary",941,5575810,"Low","Low","Correct"
"Gujarat","Dahod",2022,2023,"Cybercrime",709,5575810,"Medium","Low","Incorrect"
"Gujarat","Dahod",2022,2023,"Dowry Deaths",387,5575810,"Low","Low","Correct"
"Gujarat","Dahod",2022,2023,"Fraud",106,5575810,"Medium","Medium","Correct"
"Gujarat","Dahod",2022,2023,"Kidnapping",1071,5575810,"Low","Low","Correct"
"Gujarat","Dahod",2022,2023,"Murder",1192,5575810,"Low","Medium","Incorrect"
"Gujarat","Dahod",2022,2023,"Rape",508,5575810,"Medium","Low","Incorrect"
"Gujarat","Dahod",2022,2023,"Robbery",616,5575810,"Medium","Medium","Correct"
"Gujarat","Dahod",2022,2023,"Theft",439,5575810,"Low","Low","Correct"
"Gujarat","Gandhinagar",2022,2023,"Assault",43,4019887,"High","Medium","Incorrect"
"Gujarat","Gandhinagar",2022,2023,"Burglary",509,4019887,"High","Low","Incorrect"
"Gujarat","Gandhinagar",2022,2023,"Cybercrime",627,4019887,"High","Medium","Incorrect"
"Gujarat","Gandhinagar",2022,2023,"Dowry Deaths",445,4019887,"Medium","High","Incorrect"
"Gujarat","Gandhinagar",2022,2023,"Fraud",481,4019887,"High","Medium","Incorrect"
"Gujarat","Gandhinagar",2022,2023,"Kidnapping",425,4019887,"Low","Low","Correct"
"Gujarat","Gandhinagar",2022,2023,"Murder",355,4019887,"Low","Medium","Incorrect"
"Gujarat","Gandhinagar",2022,2023,"Rape",925,4019887,"Medium","Low","Incorrect"
"Gujarat","Gandhinagar",2022,2023,"Robbery",1186,4019887,"Medium","Low","Incorrect"
"Gujarat","Gandhinagar",2022,2023,"Theft",1137,4019887,"Medium","Low","Incorrect"
"Gujarat","Gir Somnath",2022,2023,"Assault",572,3171151,"High","High","Correct"
"Gujarat","Gir Somnath",2022,2023,"Burglary",534,3171151,"Medium","High","Incorrect"
"Gujarat","Gir Somnath",2022,2023,"Cybercrime",719,3171151,"High","High","Correct"
"Gujarat","Gir Somnath",2022,2023,"Dowry Deaths",290,3171151,"High","Medium","Incorrect"
"Gujarat","Gir Somnath",2022,2023,"Fraud",723,3171151,"Low","Medium","Incorrect"
"Gujarat","Gir Somnath",2022,2023,"Kidnapping",299,3171151,"Low","Medium","Incorrect"
"Gujarat","Gir Somnath",2022,2023,"Murder",733,3171151,"High","High","Correct"
"Gujarat","Gir Somnath",2022,2023,"Rape",674,3171151,"High","Medium","Incorrect"
"Gujarat","Gir Somnath",2022,2023,"Robbery",514,3171151,"High","Medium","Incorrect"
"Gujarat","Gir Somnath",2022,2023,"Theft",776,3171151,"High","High","Correct"
"Gujarat","Jamnagar",2022,2023,"Assault",913,3787611,"Medium","High","Incorrect"
"Gujarat","Jamnagar",2022,2023,"Burglary",988,3787611,"High","Medium","Incorrect"
"Gujarat","Jamnagar",2022,2023,"Cybercrime",444,3787611,"Low","Medium","Incorrect"
"Gujarat","Jamnagar",2022,2023,"Dowry Deaths",1052,3787611,"High","Low","Incorrect"
"Gujarat","Jamnagar",2022,2023,"Fraud",305,3787611,"Low","Medium","Incorrect"
"Gujarat","Jamnagar",2022,2023,"Kidnapping",989,3787611,"High","Low","Incorrect"
"Gujarat","Jamnagar",2022,2023,"Murder",391,3787611,"Low","High","Incorrect"
"Gujarat","Jamnagar",2022,2023,"Rape",897,3787611,"Medium","High","Incorrect"
"Gujarat","Jamnagar",2022,2023,"Robbery",385,3787611,"Low","Low","Correct"
"Gujarat","Jamnagar",2022,2023,"Theft",1187,3787611,"High","Low","Incorrect"
"Gujarat","Junagadh",2022,2023,"Assault",323,6652604,"Medium","Low","Incorrect"
"Gujarat","Junagadh",2022,2023,"Burglary",24,6652604,"Low","Low","Correct"
"Gujarat","Junagadh",2022,2023,"Cybercrime",1014,6652604,"Low","Low","Correct"
"Gujarat","Junagadh",2022,2023,"Dowry Deaths",830,6652604,"Medium","Low","Incorrect"
"Gujarat","Junagadh",2022,2023,"Fraud",1063,6652604,"Medium","Low","Incorrect"
"Gujarat","Junagadh",2022,2023,"Kidnapping",663,6652604,"Medium","Medium","Correct"
"Gujarat","Junagadh",2022,2023,"Murder",688,6652604,"Low","Low","Correct"
"Gujarat","Junagadh",2022,2023,"Rape",526,6652604,"Low","Low","Correct"
"Gujarat","Junagadh",2022,2023,"Robbery",627,6652604,"Low","Low","Correct"
"Gujarat","Junagadh",2022,2023,"Theft",103,6652604,"Medium","Low","Incorrect"
"Gujarat","Kutch",2022,2023,"Assault",864,5616745,"Low","Medium","Incorrect"
"Gujarat","Kutch",2022,2023,"Burglary",897,5616745,"Low","Medium","Incorrect"
"Gujarat","Kutch",2022,2023,"Cybercrime",749,5616745,"Low","Medium","Incorrect"
"Gujarat","Kutch",2022,2023,"Dowry Deaths",205,5616745,"Low","Low","Correct"
"Gujarat","Kutch",2022,2023,"Fraud",1133,5616745,"Low","Low","Correct"
"Gujarat","Kutch",2022,2023,"Kidnapping",1032,5616745,"Medium","Low","Incorrect"
"Gujarat","Kutch",2022,2023,"Murder",1014,5616745,"Low","Medium","Incorrect"
"Gujarat","Kutch",2022,2023,"Rape",160,5616745,"Medium","Low","Incorrect"
"Gujarat","Kutch",2022,2023,"Robbery",1123,5616745,"Medium","Medium","Correct"
"Gujarat","Kutch",2022,2023,"Theft",985,5616745,"Low","Medium","Incorrect"
"Gujarat","Mehsana",2022,2023,"Assault",154,5969938,"Low","Low","Correct"
"Gujarat","Mehsana",2022,2023,"Burglary",861,5969938,"Low","Low","Correct"
"Gujarat","Mehsana",2022,2023,"Cybercrime",772,5969938,"Low","Low","Correct"
"Gujarat","Mehsana",2022,2023,"Dowry Deaths",1070,5969938,"Medium","Low","Incorrect"
"Gujarat","Mehsana",2022,2023,"Fraud",722,5969938,"Medium","Low","Incorrect"
"Gujarat","Mehsana",2022,2023,"Kidnapping",51,5969938,"Medium","Low","Incorrect"
"Gujarat","Mehsana",2022,2023,"Murder",1132,5969938,"Low","Medium","Incorrect"
"Gujarat","Mehsana",2022,2023,"Rape",745,5969938,"Low","Medium","Incorrect"
"Gujarat","Mehsana",2022,2023,"Robbery",438,5969938,"Medium","Medium","Correct"
"Gujarat","Mehsana",2022,2023,"Theft",231,5969938,"Medium","Low","Incorrect"
"Gujarat","Morbi",2022,2023,"Assault",719,1278002,"High","High","Correct"
"Gujarat","Morbi",2022,2023,"Burglary",1093,1278002,"High","High","Correct"
"Gujarat","Morbi",2022,2023,"Cybercrime",1148,1278002,"High","High","Correct"
"Gujarat","Morbi",2022,2023,"Dowry Deaths",198,1278002,"High","High","Correct"
"Gujarat","Morbi",2022,2023,"Fraud",766,1278002,"High","High","Correct"
"Gujarat","Morbi",2022,2023,"Kidnapping",378,1278002,"High","High","Correct"
"Gujarat","Morbi",2022,2023,"Murder",988,1278002,"Low","High","Incorrect"
"Gujarat","Morbi",2022,2023,"Rape",844,1278002,"High","High","Correct"
"Gujarat","Morbi",2022,2023,"Robbery",1154,1278002,"High","High","Correct"
"Gujarat","Morbi",2022,2023,"Theft",691,1278002,"High","High","Correct"
"Gujarat","Navsari",2022,2023,"Assault",1137,6877857,"Low","Low","Correct"
"Gujarat","Navsari",2022,2023,"Burglary",1199,6877857,"Medium","Low","Incorrect"
"Gujarat","Navsari",2022,2023,"Cybercrime",1147,6877857,"Low","Medium","Incorrect"
"Gujarat","Navsari",2022,2023,"Dowry Deaths",1121,6877857,"Low","Low","Correct"
"Gujarat","Navsari",2022,2023,"Fraud",722,6877857,"Low","Low","Correct"
"Gujarat","Navsari",2022,2023,"Kidnapping",1043,6877857,"Low","Medium","Incorrect"
"Gujarat","Navsari",2022,2023,"Murder",1063,6877857,"Low","Medium","Incorrect"
"Gujarat","Navsari",2022,2023,"Rape",535,6877857,"Low","Low","Correct"
"Gujarat","Navsari",2022,2023,"Robbery",1049,6877857,"Low","Low","Correct"
"Gujarat","Navsari",2022,2023,"Theft",1168,6877857,"Low","Low","Correct"
"Gujarat","Patan",2022,2023,"Assault",550,2305956,"High","High","Correct"
"Gujarat","Patan",2022,2023,"Burglary",1088,2305956,"High","High","Correct"
"Gujarat","Patan",2022,2023,"Cybercrime",235,2305956,"High","High","Correct"
"Gujarat","Patan",2022,2023,"Dowry Deaths",462,2305956,"High","High","Correct"
"Gujarat","Patan",2022,2023,"Fraud",276,2305956,"Medium","High","Incorrect"
"Gujarat","Patan",2022,2023,"Kidnapping",857,2305956,"Medium","Medium","Correct"
"Gujarat","Patan",2022,2023,"Murder",722,2305956,"High","High","Correct"
"Gujarat","Patan",2022,2023,"Rape",355,2305956,"Medium","High","Incorrect"
"Gujarat","Patan",2022,2023,"Robbery",1013,2305956,"Medium","High","Incorrect"
"Gujarat","Patan",2022,2023,"Theft",763,2305956,"High","High","Correct"
"Gujarat","Porbandar",2022,2023,"Assault",1183,6121461,"Low","Low","Correct"
"Gujarat","Porbandar",2022,2023,"Burglary",681,6121461,"Low","Medium","Incorrect"
"Gujarat","Porbandar",2022,2023,"Cybercrime",797,6121461,"Low","Medium","Incorrect"
"Gujarat","Porbandar",2022,2023,"Dowry Deaths",70,6121461,"Low","Low","Correct"
"Gujarat","Porbandar",2022,2023,"Fraud",408,6121461,"Medium","Low","Incorrect"
"Gujarat","Porbandar",2022,2023,"Kidnapping",332,6121461,"Low","Low","Correct"
"Gujarat","Porbandar",2022,2023,"Murder",445,6121461,"Medium","Medium","Correct"
"Gujarat","Porbandar",2022,2023,"Rape",575,6121461,"Low","Medium","Incorrect"
"Gujarat","Porbandar",2022,2023,"Robbery",604,6121461,"Low","Low","Correct"
"Gujarat","Porbandar",2022,2023,"Theft",869,6121461,"Medium","Low","Incorrect"
"Gujarat","Rajkot",2022,2023,"Assault",681,1881546,"High","High","Correct"
"Gujarat","Rajkot",2022,2023,"Burglary",819,1881546,"High","High","Correct"
"Gujarat","Rajkot",2022,2023,"Cybercrime",354,1881546,"High","High","Correct"
"Gujarat","Rajkot",2022,2023,"Dowry Deaths",1098,1881546,"Low","High","Incorrect"
"Gujarat","Rajkot",2022,2023,"Fraud",792,1881546,"Medium","High","Incorrect"
"Gujarat","Rajkot",2022,2023,"Kidnapping",247,1881546,"High","High","Correct"
"Gujarat","Rajkot",2022,2023,"Murder",1065,1881546,"High","High","Correct"
"Gujarat","Rajkot",2022,2023,"Rape",928,1881546,"High","High","Correct"
"Gujarat","Rajkot",2022,2023,"Robbery",928,1881546,"Medium","High","Incorrect"
"Gujarat","Rajkot",2022,2023,"Theft",152,1881546,"High","High","Correct"
"Gujarat","Sabarkantha",2022,2023,"Assault",653,1320018,"High","High","Correct"
"Gujarat","Sabarkantha",2022,2023,"Burglary",1100,1320018,"High","High","Correct"
"Gujarat","Sabarkantha",2022,2023,"Cybercrime",720,1320018,"High","High","Correct"
"Gujarat","Sabarkantha",2022,2023,"Dowry Deaths",380,1320018,"High","High","Correct"
"Gujarat","Sabarkantha",2022,2023,"Fraud",164,1320018,"High","High","Correct"
"Gujarat","Sabarkantha",2022,2023,"Kidnapping",206,1320018,"Medium","High","Incorrect"
"Gujarat","Sabarkantha",2022,2023,"Murder",857,1320018,"High","High","Correct"
"Gujarat","Sabarkantha",2022,2023,"Rape",515,1320018,"High","High","Correct"
"Gujarat","Sabarkantha",2022,2023,"Robbery",704,1320018,"High","High","Correct"
"Gujarat","Sabarkantha",2022,2023,"Theft",692,1320018,"High","High","Correct"
"Gujarat","Surat",2022,2023,"Assault",1145,3369436,"High","Medium","Incorrect"
"Gujarat","Surat",2022,2023,"Burglary",220,3369436,"High","Low","Incorrect"
"Gujarat","Surat",2022,2023,"Cybercrime",470,3369436,"High","High","Correct"
"Gujarat","Surat",2022,2023,"Dowry Deaths",204,3369436,"High","Low","Incorrect"
"Gujarat","Surat",2022,2023,"Fraud",1007,3369436,"Low","High","Incorrect"
"Gujarat","Surat",2022,2023,"Kidnapping",356,3369436,"Low","Medium","Incorrect"
"Gujarat","Surat",2022,2023,"Murder",294,3369436,"High","Low","Incorrect"
"Gujarat","Surat",2022,2023,"Rape",147,3369436,"Medium","High","Incorrect"
"Gujarat","Surat",2022,2023,"Robbery",624,3369436,"High","Low","Incorrect"
"Gujarat","Surat",2022,2023,"Theft",1029,3369436,"Medium","Medium","Correct"
"Gujarat","Surendranagar",2022,2023,"Assault",245,853441,"High","High","Correct"
"Gujarat","Surendranagar",2022,2023,"Burglary",931,853441,"High","High","Correct"
"Gujarat","Surendranagar",2022,2023,"Cybercrime",620,853441,"High","High","Correct"
"Gujarat","Surendranagar",2022,2023,"Dowry Deaths",518,853441,"High","High","Correct"
"Gujarat","Surendranagar",2022,2023,"Fraud",270,853441,"High","High","Correct"
"Gujarat","Surendranagar",2022,2023,"Kidnapping",174,853441,"High","High","Correct"
"Gujarat","Surendranagar",2022,2023,"Murder",1079,853441,"High","High","Correct"
"Gujarat","Surendranagar",2022,2023,"Rape",550,853441,"High","High","Correct"
"Gujarat","Surendranagar",2022,2023,"Robbery",314,853441,"High","High","Correct"
"Gujarat","Surendranagar",2022,2023,"Theft",610,853441,"Low","High","Incorrect"
"Gujarat","Vadodara",2022,2023,"Assault",132,3810765,"Medium","Medium","Correct"
"Gujarat","Vadodara",2022,2023,"Burglary",575,3810765,"Medium","Medium","Correct"
"Gujarat","Vadodara",2022,2023,"Cybercrime",753,3810765,"Low","Medium","Incorrect"
"Gujarat","Vadodara",2022,2023,"Dowry Deaths",1037,3810765,"Medium","Medium","Correct"
"Gujarat","Vadodara",2022,2023,"Fraud",402,3810765,"Low","High","Incorrect"
"Gujarat","Vadodara",2022,2023,"Kidnapping",1131,3810765,"Medium","High","Incorrect"
"Gujarat","Vadodara",2022,2023,"Murder",101,3810765,"Medium","Medium","Correct"
"Gujarat","Vadodara",2022,2023,"Rape",460,3810765,"High","Low","Incorrect"
"Gujarat","Vadodara",2022,2023,"Robbery",758,3810765,"Low","Medium","Incorrect"
"Gujarat","Vadodara",2022,2023,"Theft",615,3810765,"Low","Low","Correct"
"Gujarat","Valsad",2022,2023,"Assault",262,5098683,"Low","Medium","Incorrect"
"Gujarat","Valsad",2022,2023,"Burglary",357,5098683,"Medium","Medium","Correct"
"Gujarat","Valsad",2022,2023,"Cybercrime",358,5098683,"Low","Medium","Incorrect"
"Gujarat","Valsad",2022,2023,"Dowry Deaths",53,5098683,"Low","Medium","Incorrect"
"Gujarat","Valsad",2022,2023,"Fraud",718,5098683,"High","Low","Incorrect"
"Gujarat","Valsad",2022,2023,"Kidnapping",677,5098683,"Medium","Medium","Correct"
"Gujarat","Valsad",2022,2023,"Murder",979,5098683,"Low","Low","Correct"
"Gujarat","Valsad",2022,2023,"Rape",422,5098683,"Low","Medium","Incorrect"
"Gujarat","Valsad",2022,2023,"Robbery",112,5098683,"Low","Medium","Incorrect"
"Gujarat","Valsad",2022,2023,"Theft",659,5098683,"Low","Medium","Incorrect"
"Haryana","Ambala",2022,2023,"Assault",1043,5434514,"Low","Medium","Incorrect"
"Haryana","Ambala",2022,2023,"Burglary",284,5434514,"Medium","Medium","Correct"
"Haryana","Ambala",2022,2023,"Cybercrime",191,5434514,"Low","Medium","Incorrect"
"Haryana","Ambala",2022,2023,"Dowry Deaths",243,5434514,"Medium","Medium","Correct"
"Haryana","Ambala",2022,2023,"Fraud",690,5434514,"Medium","Low","Incorrect"
"Haryana","Ambala",2022,2023,"Kidnapping",1158,5434514,"Medium","Medium","Correct"
"Haryana","Ambala",2022,2023,"Murder",612,5434514,"Low","Low","Correct"
"Haryana","Ambala",2022,2023,"Rape",377,5434514,"Medium","Medium","Correct"
"Haryana","Ambala",2022,2023,"Robbery",331,5434514,"Low","Medium","Incorrect"
"Haryana","Ambala",2022,2023,"Theft",149,5434514,"Medium","Low","Incorrect"
"Haryana","Bhiwani",2022,2023,"Assault",100,5522363,"Low","Medium","Incorrect"
"Haryana","Bhiwani",2022,2023,"Burglary",548,5522363,"Medium","Low","Incorrect"
"Haryana","Bhiwani",2022,2023,"Cybercrime",885,5522363,"Medium","Low","Incorrect"
"Haryana","Bhiwani",2022,2023,"Dowry Deaths",118,5522363,"Medium","Low","Incorrect"
"Haryana","Bhiwani",2022,2023,"Fraud",214,5522363,"Low","Low","Correct"
"Haryana","Bhiwani",2022,2023,"Kidnapping",220,5522363,"Medium","Low","Incorrect"
"Haryana","Bhiwani",2022,2023,"Murder",235,5522363,"Medium","Low","Incorrect"
"Haryana","Bhiwani",2022,2023,"Rape",160,5522363,"Low","Medium","Incorrect"
"Haryana","Bhiwani",2022,2023,"Robbery",307,5522363,"Low","Medium","Incorrect"
"Haryana","Bhiwani",2022,2023,"Theft",856,5522363,"Medium","Medium","Correct"
"Haryana","Charkhi Dadri",2022,2023,"Assault",1200,4582367,"Medium","Low","Incorrect"
"Haryana","Charkhi Dadri",2022,2023,"Burglary",474,4582367,"Medium","Low","Incorrect"
"Haryana","Charkhi Dadri",2022,2023,"Cybercrime",29,4582367,"High","High","Correct"
"Haryana","Charkhi Dadri",2022,2023,"Dowry Deaths",604,4582367,"Medium","Medium","Correct"
"Haryana","Charkhi Dadri",2022,2023,"Fraud",587,4582367,"Medium","Medium","Correct"
"Haryana","Charkhi Dadri",2022,2023,"Kidnapping",38,4582367,"High","Medium","Incorrect"
"Haryana","Charkhi Dadri",2022,2023,"Murder",1088,4582367,"High","Medium","Incorrect"
"Haryana","Charkhi Dadri",2022,2023,"Rape",491,4582367,"Medium","Low","Incorrect"
"Haryana","Charkhi Dadri",2022,2023,"Robbery",840,4582367,"Low","Low","Correct"
"Haryana","Charkhi Dadri",2022,2023,"Theft",834,4582367,"Low","Low","Correct"
"Haryana","Faridabad",2022,2023,"Assault",801,1867627,"High","High","Correct"
"Haryana","Faridabad",2022,2023,"Burglary",243,1867627,"Low","High","Incorrect"
"Haryana","Faridabad",2022,2023,"Cybercrime",567,1867627,"High","High","Correct"
"Haryana","Faridabad",2022,2023,"Dowry Deaths",630,1867627,"High","High","Correct"
"Haryana","Faridabad",2022,2023,"Fraud",173,1867627,"High","High","Correct"
"Haryana","Faridabad",2022,2023,"Kidnapping",652,1867627,"High","High","Correct"
"Haryana","Faridabad",2022,2023,"Murder",716,1867627,"Medium","High","Incorrect"
"Haryana","Faridabad",2022,2023,"Rape",818,1867627,"High","High","Correct"
"Haryana","Faridabad",2022,2023,"Robbery",1039,1867627,"High","High","Correct"
"Haryana","Faridabad",2022,2023,"Theft",443,1867627,"High","High","Correct"
"Haryana","Fatehabad",2022,2023,"Assault",1158,1820038,"High","High","Correct"
"Haryana","Fatehabad",2022,2023,"Burglary",511,1820038,"Low","High","Incorrect"
"Haryana","Fatehabad",2022,2023,"Cybercrime",1096,1820038,"High","High","Correct"
"Haryana","Fatehabad",2022,2023,"Dowry Deaths",77,1820038,"Medium","High","Incorrect"
"Haryana","Fatehabad",2022,2023,"Fraud",512,1820038,"Medium","High","Incorrect"
"Haryana","Fatehabad",2022,2023,"Kidnapping",1068,1820038,"High","High","Correct"
"Haryana","Fatehabad",2022,2023,"Murder",744,1820038,"Low","High","Incorrect"
"Haryana","Fatehabad",2022,2023,"Rape",540,1820038,"High","High","Correct"
"Haryana","Fatehabad",2022,2023,"Robbery",862,1820038,"High","High","Correct"
"Haryana","Fatehabad",2022,2023,"Theft",673,1820038,"High","High","Correct"
"Haryana","Gurugram",2022,2023,"Assault",88,975719,"High","High","Correct"
"Haryana","Gurugram",2022,2023,"Burglary",822,975719,"High","High","Correct"
"Haryana","Gurugram",2022,2023,"Cybercrime",862,975719,"High","High","Correct"
"Haryana","Gurugram",2022,2023,"Dowry Deaths",29,975719,"High","High","Correct"
"Haryana","Gurugram",2022,2023,"Fraud",208,975719,"Medium","High","Incorrect"
"Haryana","Gurugram",2022,2023,"Kidnapping",741,975719,"High","High","Correct"
"Haryana","Gurugram",2022,2023,"Murder",923,975719,"High","High","Correct"
"Haryana","Gurugram",2022,2023,"Rape",330,975719,"High","High","Correct"
"Haryana","Gurugram",2022,2023,"Robbery",1129,975719,"Medium","High","Incorrect"
"Haryana","Gurugram",2022,2023,"Theft",641,975719,"High","High","Correct"
"Haryana","Hansi",2022,2023,"Assault",104,4443390,"Low","Low","Correct"
"Haryana","Hansi",2022,2023,"Burglary",887,4443390,"Low","Medium","Incorrect"
"Haryana","Hansi",2022,2023,"Cybercrime",668,4443390,"Low","Medium","Incorrect"
"Haryana","Hansi",2022,2023,"Dowry Deaths",446,4443390,"High","Low","Incorrect"
"Haryana","Hansi",2022,2023,"Fraud",58,4443390,"Medium","Low","Incorrect"
"Haryana","Hansi",2022,2023,"Kidnapping",961,4443390,"Medium","High","Incorrect"
"Haryana","Hansi",2022,2023,"Murder",552,4443390,"Medium","Medium","Correct"
"Haryana","Hansi",2022,2023,"Rape",157,4443390,"Medium","Medium","Correct"
"Haryana","Hansi",2022,2023,"Robbery",1171,4443390,"Medium","Low","Incorrect"
"Haryana","Hansi",2022,2023,"Theft",902,4443390,"Low","Low","Correct"
"Haryana","Hisar",2022,2023,"Assault",659,1776880,"Medium","High","Incorrect"
"Haryana","Hisar",2022,2023,"Burglary",184,1776880,"High","High","Correct"
"Haryana","Hisar",2022,2023,"Cybercrime",1157,1776880,"High","High","Correct"
"Haryana","Hisar",2022,2023,"Dowry Deaths",447,1776880,"Low","High","Incorrect"
"Haryana","Hisar",2022,2023,"Fraud",882,1776880,"High","High","Correct"
"Haryana","Hisar",2022,2023,"Kidnapping",986,1776880,"High","High","Correct"
"Haryana","Hisar",2022,2023,"Murder",1170,1776880,"Medium","High","Incorrect"
"Haryana","Hisar",2022,2023,"Rape",104,1776880,"High","High","Correct"
"Haryana","Hisar",2022,2023,"Robbery",389,1776880,"High","High","Correct"
"Haryana","Hisar",2022,2023,"Theft",219,1776880,"High","High","Correct"
"Haryana","Jhajjar",2022,2023,"Assault",86,3182437,"High","High","Correct"
"Haryana","Jhajjar",2022,2023,"Burglary",991,3182437,"Low","High","Incorrect"
"Haryana","Jhajjar",2022,2023,"Cybercrime",634,3182437,"High","High","Correct"
"Haryana","Jhajjar",2022,2023,"Dowry Deaths",467,3182437,"Medium","High","Incorrect"
"Haryana","Jhajjar",2022,2023,"Fraud",801,3182437,"Medium","High","Incorrect"
"Haryana","Jhajjar",2022,2023,"Kidnapping",472,3182437,"Low","Low","Correct"
"Haryana","Jhajjar",2022,2023,"Murder",1088,3182437,"Low","Low","Correct"
"Haryana","Jhajjar",2022,2023,"Rape",787,3182437,"Medium","Low","Incorrect"
"Haryana","Jhajjar",2022,2023,"Robbery",439,3182437,"Low","Medium","Incorrect"
"Haryana","Jhajjar",2022,2023,"Theft",340,3182437,"Medium","Medium","Correct"
"Haryana","Jind",2022,2023,"Assault",448,3351353,"High","Low","Incorrect"
"Haryana","Jind",2022,2023,"Burglary",856,3351353,"High","High","Correct"
"Haryana","Jind",2022,2023,"Cybercrime",376,3351353,"High","High","Correct"
"Haryana","Jind",2022,2023,"Dowry Deaths",700,3351353,"High","Low","Incorrect"
"Haryana","Jind",2022,2023,"Fraud",837,3351353,"Low","Medium","Incorrect"
"Haryana","Jind",2022,2023,"Kidnapping",358,3351353,"High","Low","Incorrect"
"Haryana","Jind",2022,2023,"Murder",1107,3351353,"Medium","High","Incorrect"
"Haryana","Jind",2022,2023,"Rape",763,3351353,"Low","High","Incorrect"
"Haryana","Jind",2022,2023,"Robbery",912,3351353,"Medium","High","Incorrect"
"Haryana","Jind",2022,2023,"Theft",700,3351353,"Low","Medium","Incorrect"
"Haryana","Kaithal",2022,2023,"Assault",999,6920902,"Low","Low","Correct"
"Haryana","Kaithal",2022,2023,"Burglary",213,6920902,"Medium","Low","Incorrect"
"Haryana","Kaithal",2022,2023,"Cybercrime",910,6920902,"Low","Low","Correct"
"Haryana","Kaithal",2022,2023,"Dowry Deaths",917,6920902,"Low","Low","Correct"
"Haryana","Kaithal",2022,2023,"Fraud",762,6920902,"Low","Low","Correct"
"Haryana","Kaithal",2022,2023,"Kidnapping",400,6920902,"Medium","Low","Incorrect"
"Haryana","Kaithal",2022,2023,"Murder",959,6920902,"Medium","Low","Incorrect"
"Haryana","Kaithal",2022,2023,"Rape",226,6920902,"Medium","Low","Incorrect"
"Haryana","Kaithal",2022,2023,"Robbery",925,6920902,"Medium","Low","Incorrect"
"Haryana","Kaithal",2022,2023,"Theft",115,6920902,"Low","Low","Correct"
"Haryana","Karnal",2022,2023,"Assault",427,5409290,"Low","Medium","Incorrect"
"Haryana","Karnal",2022,2023,"Burglary",409,5409290,"Medium","Medium","Correct"
"Haryana","Karnal",2022,2023,"Cybercrime",399,5409290,"Low","Medium","Incorrect"
"Haryana","Karnal",2022,2023,"Dowry Deaths",602,5409290,"Low","Medium","Incorrect"
"Haryana","Karnal",2022,2023,"Fraud",671,5409290,"Medium","Low","Incorrect"
"Haryana","Karnal",2022,2023,"Kidnapping",403,5409290,"Low","Low","Correct"
"Haryana","Karnal",2022,2023,"Murder",484,5409290,"Low","Low","Correct"
"Haryana","Karnal",2022,2023,"Rape",1070,5409290,"Medium","Medium","Correct"
"Haryana","Karnal",2022,2023,"Robbery",459,5409290,"Low","Low","Correct"
"Haryana","Karnal",2022,2023,"Theft",522,5409290,"Medium","Medium","Correct"
"Haryana","Kosli",2022,2023,"Assault",510,3820552,"High","Low","Incorrect"
"Haryana","Kosli",2022,2023,"Burglary",528,3820552,"Medium","Medium","Correct"
"Haryana","Kosli",2022,2023,"Cybercrime",637,3820552,"Medium","High","Incorrect"
"Haryana","Kosli",2022,2023,"Dowry Deaths",1090,3820552,"Medium","Low","Incorrect"
"Haryana","Kosli",2022,2023,"Fraud",427,3820552,"Medium","Low","Incorrect"
"Haryana","Kosli",2022,2023,"Kidnapping",533,3820552,"Medium","Low","Incorrect"
"Haryana","Kosli",2022,2023,"Murder",407,3820552,"Low","Medium","Incorrect"
"Haryana","Kosli",2022,2023,"Rape",1019,3820552,"High","Low","Incorrect"
"Haryana","Kosli",2022,2023,"Robbery",1096,3820552,"Low","Low","Correct"
"Haryana","Kosli",2022,2023,"Theft",422,3820552,"Medium","Medium","Correct"
"Haryana","Kurukshetra",2022,2023,"Assault",737,5276632,"Medium","Low","Incorrect"
"Haryana","Kurukshetra",2022,2023,"Burglary",1019,5276632,"Low","Medium","Incorrect"
"Haryana","Kurukshetra",2022,2023,"Cybercrime",842,5276632,"Low","Low","Correct"
"Haryana","Kurukshetra",2022,2023,"Dowry Deaths",764,5276632,"High","Medium","Incorrect"
"Haryana","Kurukshetra",2022,2023,"Fraud",325,5276632,"Low","Low","Correct"
"Haryana","Kurukshetra",2022,2023,"Kidnapping",1041,5276632,"Low","Low","Correct"
"Haryana","Kurukshetra",2022,2023,"Murder",218,5276632,"Low","Medium","Incorrect"
"Haryana","Kurukshetra",2022,2023,"Rape",881,5276632,"Medium","Low","Incorrect"
"Haryana","Kurukshetra",2022,2023,"Robbery",732,5276632,"Medium","Medium","Correct"
"Haryana","Kurukshetra",2022,2023,"Theft",899,5276632,"Medium","Medium","Correct"
"Haryana","Mahendragarh",2022,2023,"Assault",766,6450094,"Medium","Low","Incorrect"
"Haryana","Mahendragarh",2022,2023,"Burglary",65,6450094,"Medium","Low","Incorrect"
"Haryana","Mahendragarh",2022,2023,"Cybercrime",1049,6450094,"Medium","Low","Incorrect"
"Haryana","Mahendragarh",2022,2023,"Dowry Deaths",746,6450094,"Medium","Low","Incorrect"
"Haryana","Mahendragarh",2022,2023,"Fraud",254,6450094,"Low","Low","Correct"
"Haryana","Mahendragarh",2022,2023,"Kidnapping",87,6450094,"Low","Low","Correct"
"Haryana","Mahendragarh",2022,2023,"Murder",52,6450094,"Medium","Low","Incorrect"
"Haryana","Mahendragarh",2022,2023,"Rape",1138,6450094,"Medium","Low","Incorrect"
"Haryana","Mahendragarh",2022,2023,"Robbery",914,6450094,"Medium","Low","Incorrect"
"Haryana","Mahendragarh",2022,2023,"Theft",771,6450094,"Medium","Low","Incorrect"
"Haryana","Nuh",2022,2023,"Assault",745,2753713,"Medium","Low","Incorrect"
"Haryana","Nuh",2022,2023,"Burglary",383,2753713,"High","High","Correct"
"Haryana","Nuh",2022,2023,"Cybercrime",267,2753713,"High","High","Correct"
"Haryana","Nuh",2022,2023,"Dowry Deaths",233,2753713,"Low","High","Incorrect"
"Haryana","Nuh",2022,2023,"Fraud",528,2753713,"High","Medium","Incorrect"
"Haryana","Nuh",2022,2023,"Kidnapping",1051,2753713,"High","High","Correct"
"Haryana","Nuh",2022,2023,"Murder",1164,2753713,"High","High","Correct"
"Haryana","Nuh",2022,2023,"Rape",629,2753713,"High","Low","Incorrect"
"Haryana","Nuh",2022,2023,"Robbery",153,2753713,"High","High","Correct"
"Haryana","Nuh",2022,2023,"Theft",326,2753713,"High","Medium","Incorrect"
"Haryana","Palwal",2022,2023,"Assault",272,6780453,"Medium","Low","Incorrect"
"Haryana","Palwal",2022,2023,"Burglary",670,6780453,"Low","Medium","Incorrect"
"Haryana","Palwal",2022,2023,"Cybercrime",770,6780453,"Medium","Medium","Correct"
"Haryana","Palwal",2022,2023,"Dowry Deaths",28,6780453,"Medium","Medium","Correct"
"Haryana","Palwal",2022,2023,"Fraud",389,6780453,"Low","Low","Correct"
"Haryana","Palwal",2022,2023,"Kidnapping",975,6780453,"Low","Low","Correct"
"Haryana","Palwal",2022,2023,"Murder",543,6780453,"Low","Low","Correct"
"Haryana","Palwal",2022,2023,"Rape",537,6780453,"Low","Low","Correct"
"Haryana","Palwal",2022,2023,"Robbery",581,6780453,"Low","Low","Correct"
"Haryana","Palwal",2022,2023,"Theft",652,6780453,"Low","Low","Correct"
"Haryana","Panchkula",2022,2023,"Assault",956,1460703,"Low","High","Incorrect"
"Haryana","Panchkula",2022,2023,"Burglary",30,1460703,"Low","High","Incorrect"
"Haryana","Panchkula",2022,2023,"Cybercrime",508,1460703,"Medium","High","Incorrect"
"Haryana","Panchkula",2022,2023,"Dowry Deaths",1052,1460703,"High","High","Correct"
"Haryana","Panchkula",2022,2023,"Fraud",767,1460703,"High","High","Correct"
"Haryana","Panchkula",2022,2023,"Kidnapping",532,1460703,"Low","High","Incorrect"
"Haryana","Panchkula",2022,2023,"Murder",854,1460703,"Medium","High","Incorrect"
"Haryana","Panchkula",2022,2023,"Rape",882,1460703,"High","High","Correct"
"Haryana","Panchkula",2022,2023,"Robbery",149,1460703,"High","High","Correct"
"Haryana","Panchkula",2022,2023,"Theft",1155,1460703,"High","High","Correct"
"Haryana","Panipat",2022,2023,"Assault",63,4642548,"High","Low","Incorrect"
"Haryana","Panipat",2022,2023,"Burglary",1189,4642548,"Medium","Low","Incorrect"
"Haryana","Panipat",2022,2023,"Cybercrime",809,4642548,"Low","Low","Correct"
"Haryana","Panipat",2022,2023,"Dowry Deaths",1008,4642548,"High","Medium","Incorrect"
"Haryana","Panipat",2022,2023,"Fraud",865,4642548,"Low","Low","Correct"
"Haryana","Panipat",2022,2023,"Kidnapping",914,4642548,"Low","Medium","Incorrect"
"Haryana","Panipat",2022,2023,"Murder",763,4642548,"Medium","Low","Incorrect"
"Haryana","Panipat",2022,2023,"Rape",1002,4642548,"Medium","Medium","Correct"
"Haryana","Panipat",2022,2023,"Robbery",1032,4642548,"Low","Medium","Incorrect"
"Haryana","Panipat",2022,2023,"Theft",874,4642548,"Low","Low","Correct"
"Haryana","Rewari",2022,2023,"Assault",605,6131125,"Medium","Low","Incorrect"
"Haryana","Rewari",2022,2023,"Burglary",921,6131125,"Low","Low","Correct"
"Haryana","Rewari",2022,2023,"Cybercrime",733,6131125,"Medium","Low","Incorrect"
"Haryana","Rewari",2022,2023,"Dowry Deaths",197,6131125,"Medium","Medium","Correct"
"Haryana","Rewari",2022,2023,"Fraud",972,6131125,"Medium","Medium","Correct"
"Haryana","Rewari",2022,2023,"Kidnapping",240,6131125,"Low","Medium","Incorrect"
"Haryana","Rewari",2022,2023,"Murder",266,6131125,"Low","Low","Correct"
"Haryana","Rewari",2022,2023,"Rape",511,6131125,"Medium","Low","Incorrect"
"Haryana","Rewari",2022,2023,"Robbery",440,6131125,"Medium","Medium","Correct"
"Haryana","Rewari",2022,2023,"Theft",773,6131125,"Medium","Low","Incorrect"
"Haryana","Rohtak",2022,2023,"Assault",871,4536658,"Low","Medium","Incorrect"
"Haryana","Rohtak",2022,2023,"Burglary",916,4536658,"Low","Low","Correct"
"Haryana","Rohtak",2022,2023,"Cybercrime",78,4536658,"Medium","Medium","Correct"
"Haryana","Rohtak",2022,2023,"Dowry Deaths",70,4536658,"Medium","Medium","Correct"
"Haryana","Rohtak",2022,2023,"Fraud",566,4536658,"Medium","Low","Incorrect"
"Haryana","Rohtak",2022,2023,"Kidnapping",517,4536658,"Low","Low","Correct"
"Haryana","Rohtak",2022,2023,"Murder",418,4536658,"High","Medium","Incorrect"
"Haryana","Rohtak",2022,2023,"Rape",217,4536658,"High","Low","Incorrect"
"Haryana","Rohtak",2022,2023,"Robbery",147,4536658,"Medium","Low","Incorrect"
"Haryana","Rohtak",2022,2023,"Theft",334,4536658,"Low","Low","Correct"
"Haryana","Sirsa",2022,2023,"Assault",1012,2523815,"Low","High","Incorrect"
"Haryana","Sirsa",2022,2023,"Burglary",289,2523815,"High","High","Correct"
"Haryana","Sirsa",2022,2023,"Cybercrime",484,2523815,"Medium","High","Incorrect"
"Haryana","Sirsa",2022,2023,"Dowry Deaths",794,2523815,"High","High","Correct"
"Haryana","Sirsa",2022,2023,"Fraud",1199,2523815,"Medium","High","Incorrect"
"Haryana","Sirsa",2022,2023,"Kidnapping",604,2523815,"Low","High","Incorrect"
"Haryana","Sirsa",2022,2023,"Murder",246,2523815,"Low","High","Incorrect"
"Haryana","Sirsa",2022,2023,"Rape",1147,2523815,"Low","High","Incorrect"
"Haryana","Sirsa",2022,2023,"Robbery",212,2523815,"High","High","Correct"
"Haryana","Sirsa",2022,2023,"Theft",815,2523815,"High","High","Correct"
"Haryana","Sonipat",2022,2023,"Assault",544,3858165,"Medium","Low","Incorrect"
"Haryana","Sonipat",2022,2023,"Burglary",406,3858165,"Medium","Low","Incorrect"
"Haryana","Sonipat",2022,2023,"Cybercrime",51,3858165,"Low","Medium","Incorrect"
"Haryana","Sonipat",2022,2023,"Dowry Deaths",892,3858165,"High","Low","Incorrect"
"Haryana","Sonipat",2022,2023,"Fraud",190,3858165,"High","Medium","Incorrect"
"Haryana","Sonipat",2022,2023,"Kidnapping",218,3858165,"Low","High","Incorrect"
"Haryana","Sonipat",2022,2023,"Murder",882,3858165,"Medium","Medium","Correct"
"Haryana","Sonipat",2022,2023,"Rape",366,3858165,"High","Low","Incorrect"
"Haryana","Sonipat",2022,2023,"Robbery",572,3858165,"Medium","High","Incorrect"
"Haryana","Sonipat",2022,2023,"Theft",620,3858165,"High","Low","Incorrect"
"Haryana","Tohana",2022,2023,"Assault",382,2729130,"High","High","Correct"
"Haryana","Tohana",2022,2023,"Burglary",201,2729130,"Medium","High","Incorrect"
"Haryana","Tohana",2022,2023,"Cybercrime",871,2729130,"High","High","Correct"
"Haryana","Tohana",2022,2023,"Dowry Deaths",1037,2729130,"High","High","Correct"
"Haryana","Tohana",2022,2023,"Fraud",305,2729130,"High","High","Correct"
"Haryana","Tohana",2022,2023,"Kidnapping",990,2729130,"Low","High","Incorrect"
"Haryana","Tohana",2022,2023,"Murder",1098,2729130,"Medium","High","Incorrect"
"Haryana","Tohana",2022,2023,"Rape",146,2729130,"Low","High","Incorrect"
"Haryana","Tohana",2022,2023,"Robbery",895,2729130,"Medium","High","Incorrect"
"Haryana","Tohana",2022,2023,"Theft",675,2729130,"High","Medium","Incorrect"
"Haryana","Yamunanagar",2022,2023,"Assault",123,2409346,"Medium","High","Incorrect"
"Haryana","Yamunanagar",2022,2023,"Burglary",688,2409346,"Medium","High","Incorrect"
"Haryana","Yamunanagar",2022,2023,"Cybercrime",761,2409346,"High","High","Correct"
"Haryana","Yamunanagar",2022,2023,"Dowry Deaths",632,2409346,"Low","High","Incorrect"
"Haryana","Yamunanagar",2022,2023,"Fraud",788,2409346,"High","High","Correct"
"Haryana","Yamunanagar",2022,2023,"Kidnapping",673,2409346,"High","High","Correct"
"Haryana","Yamunanagar",2022,2023,"Murder",457,2409346,"Medium","High","Incorrect"
"Haryana","Yamunanagar",2022,2023,"Rape",929,2409346,"High","High","Correct"
"Haryana","Yamunanagar",2022,2023,"Robbery",643,2409346,"Low","High","Incorrect"
"Haryana","Yamunanagar",2022,2023,"Theft",590,2409346,"High","High","Correct"
"Karnataka","Bagalkot",2022,2023,"Assault",875,1454241,"High","High","Correct"
"Karnataka","Bagalkot",2022,2023,"Burglary",484,1454241,"High","High","Correct"
"Karnataka","Bagalkot",2022,2023,"Cybercrime",1089,1454241,"High","High","Correct"
"Karnataka","Bagalkot",2022,2023,"Dowry Deaths",960,1454241,"High","High","Correct"
"Karnataka","Bagalkot",2022,2023,"Fraud",142,1454241,"High","High","Correct"
"Karnataka","Bagalkot",2022,2023,"Kidnapping",67,1454241,"High","High","Correct"
"Karnataka","Bagalkot",2022,2023,"Murder",815,1454241,"Medium","High","Incorrect"
"Karnataka","Bagalkot",2022,2023,"Rape",109,1454241,"High","High","Correct"
"Karnataka","Bagalkot",2022,2023,"Robbery",329,1454241,"Low","High","Incorrect"
"Karnataka","Bagalkot",2022,2023,"Theft",847,1454241,"High","High","Correct"
"Karnataka","Ballari",2022,2023,"Assault",737,4817013,"Low","Medium","Incorrect"
"Karnataka","Ballari",2022,2023,"Burglary",798,4817013,"Medium","Low","Incorrect"
"Karnataka","Ballari",2022,2023,"Cybercrime",629,4817013,"High","Medium","Incorrect"
"Karnataka","Ballari",2022,2023,"Dowry Deaths",370,4817013,"Medium","Low","Incorrect"
"Karnataka","Ballari",2022,2023,"Fraud",780,4817013,"Medium","Medium","Correct"
"Karnataka","Ballari",2022,2023,"Kidnapping",1079,4817013,"Medium","Medium","Correct"
"Karnataka","Ballari",2022,2023,"Murder",334,4817013,"Low","Medium","Incorrect"
"Karnataka","Ballari",2022,2023,"Rape",749,4817013,"Low","Low","Correct"
"Karnataka","Ballari",2022,2023,"Robbery",123,4817013,"Medium","Low","Incorrect"
"Karnataka","Ballari",2022,2023,"Theft",1108,4817013,"Low","Low","Correct"
"Karnataka","Belagavi",2022,2023,"Assault",841,2542439,"Low","High","Incorrect"
"Karnataka","Belagavi",2022,2023,"Burglary",499,2542439,"High","Low","Incorrect"
"Karnataka","Belagavi",2022,2023,"Cybercrime",1082,2542439,"Low","High","Incorrect"
"Karnataka","Belagavi",2022,2023,"Dowry Deaths",740,2542439,"Medium","High","Incorrect"
"Karnataka","Belagavi",2022,2023,"Fraud",939,2542439,"High","High","Correct"
"Karnataka","Belagavi",2022,2023,"Kidnapping",453,2542439,"High","High","Correct"
"Karnataka","Belagavi",2022,2023,"Murder",445,2542439,"High","High","Correct"
"Karnataka","Belagavi",2022,2023,"Rape",636,2542439,"High","High","Correct"
"Karnataka","Belagavi",2022,2023,"Robbery",404,2542439,"Low","High","Incorrect"
"Karnataka","Belagavi",2022,2023,"Theft",1011,2542439,"Low","High","Incorrect"
"Karnataka","Bengaluru Urban",2022,2023,"Assault",527,2371012,"High","High","Correct"
"Karnataka","Bengaluru Urban",2022,2023,"Burglary",354,2371012,"Low","High","Incorrect"
"Karnataka","Bengaluru Urban",2022,2023,"Cybercrime",454,2371012,"High","High","Correct"
"Karnataka","Bengaluru Urban",2022,2023,"Dowry Deaths",680,2371012,"High","High","Correct"
"Karnataka","Bengaluru Urban",2022,2023,"Fraud",1155,2371012,"Low","High","Incorrect"
"Karnataka","Bengaluru Urban",2022,2023,"Kidnapping",40,2371012,"High","High","Correct"
"Karnataka","Bengaluru Urban",2022,2023,"Murder",110,2371012,"High","High","Correct"
"Karnataka","Bengaluru Urban",2022,2023,"Rape",101,2371012,"High","High","Correct"
"Karnataka","Bengaluru Urban",2022,2023,"Robbery",800,2371012,"High","High","Correct"
"Karnataka","Bengaluru Urban",2022,2023,"Theft",725,2371012,"High","High","Correct"
"Karnataka","Bidar",2022,2023,"Assault",401,956857,"High","High","Correct"
"Karnataka","Bidar",2022,2023,"Burglary",850,956857,"High","High","Correct"
"Karnataka","Bidar",2022,2023,"Cybercrime",1178,956857,"High","High","Correct"
"Karnataka","Bidar",2022,2023,"Dowry Deaths",467,956857,"Medium","High","Incorrect"
"Karnataka","Bidar",2022,2023,"Fraud",722,956857,"High","High","Correct"
"Karnataka","Bidar",2022,2023,"Kidnapping",555,956857,"High","High","Correct"
"Karnataka","Bidar",2022,2023,"Murder",156,956857,"High","High","Correct"
"Karnataka","Bidar",2022,2023,"Rape",399,956857,"High","High","Correct"
"Karnataka","Bidar",2022,2023,"Robbery",1140,956857,"High","High","Correct"
"Karnataka","Bidar",2022,2023,"Theft",370,956857,"High","High","Correct"
"Karnataka","Chikkamagaluru",2022,2023,"Assault",197,4118122,"High","Medium","Incorrect"
"Karnataka","Chikkamagaluru",2022,2023,"Burglary",782,4118122,"Medium","Medium","Correct"
"Karnataka","Chikkamagaluru",2022,2023,"Cybercrime",958,4118122,"Medium","Medium","Correct"
"Karnataka","Chikkamagaluru",2022,2023,"Dowry Deaths",84,4118122,"High","Low","Incorrect"
"Karnataka","Chikkamagaluru",2022,2023,"Fraud",1024,4118122,"Medium","High","Incorrect"
"Karnataka","Chikkamagaluru",2022,2023,"Kidnapping",194,4118122,"High","High","Correct"
"Karnataka","Chikkamagaluru",2022,2023,"Murder",912,4118122,"Medium","Medium","Correct"
"Karnataka","Chikkamagaluru",2022,2023,"Rape",443,4118122,"Low","Low","Correct"
"Karnataka","Chikkamagaluru",2022,2023,"Robbery",1087,4118122,"Medium","Low","Incorrect"
"Karnataka","Chikkamagaluru",2022,2023,"Theft",579,4118122,"Low","Low","Correct"
"Karnataka","Chitradurga",2022,2023,"Assault",1084,3482085,"High","Low","Incorrect"
"Karnataka","Chitradurga",2022,2023,"Burglary",58,3482085,"Medium","High","Incorrect"
"Karnataka","Chitradurga",2022,2023,"Cybercrime",1100,3482085,"High","Low","Incorrect"
"Karnataka","Chitradurga",2022,2023,"Dowry Deaths",1058,3482085,"High","High","Correct"
"Karnataka","Chitradurga",2022,2023,"Fraud",34,3482085,"High","High","Correct"
"Karnataka","Chitradurga",2022,2023,"Kidnapping",95,3482085,"High","High","Correct"
"Karnataka","Chitradurga",2022,2023,"Murder",398,3482085,"Low","Low","Correct"
"Karnataka","Chitradurga",2022,2023,"Rape",142,3482085,"Low","High","Incorrect"
"Karnataka","Chitradurga",2022,2023,"Robbery",64,3482085,"High","High","Correct"
"Karnataka","Chitradurga",2022,2023,"Theft",1121,3482085,"Medium","Low","Incorrect"
"Karnataka","Davanagere",2022,2023,"Assault",916,1585322,"High","High","Correct"
"Karnataka","Davanagere",2022,2023,"Burglary",1048,1585322,"High","High","Correct"
"Karnataka","Davanagere",2022,2023,"Cybercrime",533,1585322,"Medium","High","Incorrect"
"Karnataka","Davanagere",2022,2023,"Dowry Deaths",1150,1585322,"High","High","Correct"
"Karnataka","Davanagere",2022,2023,"Fraud",178,1585322,"High","High","Correct"
"Karnataka","Davanagere",2022,2023,"Kidnapping",728,1585322,"High","High","Correct"
"Karnataka","Davanagere",2022,2023,"Murder",145,1585322,"High","High","Correct"
"Karnataka","Davanagere",2022,2023,"Rape",252,1585322,"Medium","High","Incorrect"
"Karnataka","Davanagere",2022,2023,"Robbery",823,1585322,"Low","High","Incorrect"
"Karnataka","Davanagere",2022,2023,"Theft",179,1585322,"High","High","Correct"
"Karnataka","Gadag",2022,2023,"Assault",292,3324006,"Medium","Medium","Correct"
"Karnataka","Gadag",2022,2023,"Burglary",1027,3324006,"High","Medium","Incorrect"
"Karnataka","Gadag",2022,2023,"Cybercrime",600,3324006,"Medium","High","Incorrect"
"Karnataka","Gadag",2022,2023,"Dowry Deaths",320,3324006,"High","Medium","Incorrect"
"Karnataka","Gadag",2022,2023,"Fraud",205,3324006,"Medium","High","Incorrect"
"Karnataka","Gadag",2022,2023,"Kidnapping",997,3324006,"Low","Medium","Incorrect"
"Karnataka","Gadag",2022,2023,"Murder",820,3324006,"Low","High","Incorrect"
"Karnataka","Gadag",2022,2023,"Rape",100,3324006,"High","High","Correct"
"Karnataka","Gadag",2022,2023,"Robbery",109,3324006,"Medium","High","Incorrect"
"Karnataka","Gadag",2022,2023,"Theft",812,3324006,"Medium","High","Incorrect"
"Karnataka","Hassan",2022,2023,"Assault",150,4066409,"Medium","High","Incorrect"
"Karnataka","Hassan",2022,2023,"Burglary",89,4066409,"High","Medium","Incorrect"
"Karnataka","Hassan",2022,2023,"Cybercrime",1057,4066409,"Medium","Medium","Correct"
"Karnataka","Hassan",2022,2023,"Dowry Deaths",1161,4066409,"High","Medium","Incorrect"
"Karnataka","Hassan",2022,2023,"Fraud",73,4066409,"Low","High","Incorrect"
"Karnataka","Hassan",2022,2023,"Kidnapping",854,4066409,"High","Low","Incorrect"
"Karnataka","Hassan",2022,2023,"Murder",1053,4066409,"High","Low","Incorrect"
"Karnataka","Hassan",2022,2023,"Rape",1114,4066409,"High","High","Correct"
"Karnataka","Hassan",2022,2023,"Robbery",1133,4066409,"Medium","Medium","Correct"
"Karnataka","Hassan",2022,2023,"Theft",631,4066409,"Low","Low","Correct"
"Karnataka","Haveri",2022,2023,"Assault",724,1569021,"High","High","Correct"
"Karnataka","Haveri",2022,2023,"Burglary",788,1569021,"High","High","Correct"
"Karnataka","Haveri",2022,2023,"Cybercrime",575,1569021,"Low","High","Incorrect"
"Karnataka","Haveri",2022,2023,"Dowry Deaths",280,1569021,"High","High","Correct"
"Karnataka","Haveri",2022,2023,"Fraud",56,1569021,"Low","High","Incorrect"
"Karnataka","Haveri",2022,2023,"Kidnapping",79,1569021,"Medium","High","Incorrect"
"Karnataka","Haveri",2022,2023,"Murder",383,1569021,"High","High","Correct"
"Karnataka","Haveri",2022,2023,"Rape",461,1569021,"Low","High","Incorrect"
"Karnataka","Haveri",2022,2023,"Robbery",154,1569021,"High","High","Correct"
"Karnataka","Haveri",2022,2023,"Theft",1102,1569021,"Medium","High","Incorrect"
"Karnataka","Hubballi",2022,2023,"Assault",723,1568470,"Low","High","Incorrect"
"Karnataka","Hubballi",2022,2023,"Burglary",1105,1568470,"Medium","High","Incorrect"
"Karnataka","Hubballi",2022,2023,"Cybercrime",829,1568470,"High","High","Correct"
"Karnataka","Hubballi",2022,2023,"Dowry Deaths",299,1568470,"High","High","Correct"
"Karnataka","Hubballi",2022,2023,"Fraud",801,1568470,"High","High","Correct"
"Karnataka","Hubballi",2022,2023,"Kidnapping",798,1568470,"Low","High","Incorrect"
"Karnataka","Hubballi",2022,2023,"Murder",403,1568470,"High","High","Correct"
"Karnataka","Hubballi",2022,2023,"Rape",925,1568470,"High","High","Correct"
"Karnataka","Hubballi",2022,2023,"Robbery",1178,1568470,"High","High","Correct"
"Karnataka","Hubballi",2022,2023,"Theft",226,1568470,"High","High","Correct"
"Karnataka","Kalaburagi",2022,2023,"Assault",354,4280150,"Low","Medium","Incorrect"
"Karnataka","Kalaburagi",2022,2023,"Burglary",598,4280150,"Medium","Low","Incorrect"
"Karnataka","Kalaburagi",2022,2023,"Cybercrime",713,4280150,"Low","Medium","Incorrect"
"Karnataka","Kalaburagi",2022,2023,"Dowry Deaths",541,4280150,"Low","Medium","Incorrect"
"Karnataka","Kalaburagi",2022,2023,"Fraud",651,4280150,"Low","Low","Correct"
"Karnataka","Kalaburagi",2022,2023,"Kidnapping",746,4280150,"Low","Medium","Incorrect"
"Karnataka","Kalaburagi",2022,2023,"Murder",231,4280150,"Low","Medium","Incorrect"
"Karnataka","Kalaburagi",2022,2023,"Rape",423,4280150,"Medium","Low","Incorrect"
"Karnataka","Kalaburagi",2022,2023,"Robbery",339,4280150,"Low","Medium","Incorrect"
"Karnataka","Kalaburagi",2022,2023,"Theft",133,4280150,"Medium","Medium","Correct"
"Karnataka","Kodagu",2022,2023,"Assault",401,3714232,"Low","High","Incorrect"
"Karnataka","Kodagu",2022,2023,"Burglary",388,3714232,"Medium","High","Incorrect"
"Karnataka","Kodagu",2022,2023,"Cybercrime",1108,3714232,"Medium","Low","Incorrect"
"Karnataka","Kodagu",2022,2023,"Dowry Deaths",430,3714232,"Medium","High","Incorrect"
"Karnataka","Kodagu",2022,2023,"Fraud",598,3714232,"High","High","Correct"
"Karnataka","Kodagu",2022,2023,"Kidnapping",658,3714232,"Medium","Medium","Correct"
"Karnataka","Kodagu",2022,2023,"Murder",1033,3714232,"Low","High","Incorrect"
"Karnataka","Kodagu",2022,2023,"Rape",110,3714232,"High","Medium","Incorrect"
"Karnataka","Kodagu",2022,2023,"Robbery",67,3714232,"Low","High","Incorrect"
"Karnataka","Kodagu",2022,2023,"Theft",400,3714232,"Medium","Low","Incorrect"
"Karnataka","Kolar",2022,2023,"Assault",1052,4794621,"High","Low","Incorrect"
"Karnataka","Kolar",2022,2023,"Burglary",1119,4794621,"Medium","Low","Incorrect"
"Karnataka","Kolar",2022,2023,"Cybercrime",966,4794621,"Low","Medium","Incorrect"
"Karnataka","Kolar",2022,2023,"Dowry Deaths",318,4794621,"Medium","Medium","Correct"
"Karnataka","Kolar",2022,2023,"Fraud",450,4794621,"Medium","Low","Incorrect"
"Karnataka","Kolar",2022,2023,"Kidnapping",956,4794621,"High","Medium","Incorrect"
"Karnataka","Kolar",2022,2023,"Murder",945,4794621,"Low","Medium","Incorrect"
"Karnataka","Kolar",2022,2023,"Rape",281,4794621,"High","Low","Incorrect"
"Karnataka","Kolar",2022,2023,"Robbery",316,4794621,"Medium","Medium","Correct"
"Karnataka","Kolar",2022,2023,"Theft",835,4794621,"Medium","Medium","Correct"
"Karnataka","Mandya",2022,2023,"Assault",612,6532170,"Low","Medium","Incorrect"
"Karnataka","Mandya",2022,2023,"Burglary",625,6532170,"Medium","Low","Incorrect"
"Karnataka","Mandya",2022,2023,"Cybercrime",642,6532170,"Medium","Medium","Correct"
"Karnataka","Mandya",2022,2023,"Dowry Deaths",354,6532170,"Low","Low","Correct"
"Karnataka","Mandya",2022,2023,"Fraud",666,6532170,"Low","Low","Correct"
"Karnataka","Mandya",2022,2023,"Kidnapping",248,6532170,"Low","Medium","Incorrect"
"Karnataka","Mandya",2022,2023,"Murder",923,6532170,"Low","Low","Correct"
"Karnataka","Mandya",2022,2023,"Rape",429,6532170,"Low","Medium","Incorrect"
"Karnataka","Mandya",2022,2023,"Robbery",1030,6532170,"Low","Low","Correct"
"Karnataka","Mandya",2022,2023,"Theft",926,6532170,"Low","Low","Correct"
"Karnataka","Mangaluru",2022,2023,"Assault",611,5584448,"Medium","Low","Incorrect"
"Karnataka","Mangaluru",2022,2023,"Burglary",58,5584448,"Low","Low","Correct"
"Karnataka","Mangaluru",2022,2023,"Cybercrime",453,5584448,"Medium","Medium","Correct"
"Karnataka","Mangaluru",2022,2023,"Dowry Deaths",782,5584448,"Low","Low","Correct"
"Karnataka","Mangaluru",2022,2023,"Fraud",56,5584448,"Low","Low","Correct"
"Karnataka","Mangaluru",2022,2023,"Kidnapping",445,5584448,"Medium","Low","Incorrect"
"Karnataka","Mangaluru",2022,2023,"Murder",885,5584448,"Low","Low","Correct"
"Karnataka","Mangaluru",2022,2023,"Rape",934,5584448,"Medium","Low","Incorrect"
"Karnataka","Mangaluru",2022,2023,"Robbery",108,5584448,"Low","Low","Correct"
"Karnataka","Mangaluru",2022,2023,"Theft",823,5584448,"Medium","Medium","Correct"
"Karnataka","Mysuru",2022,2023,"Assault",136,2872025,"High","High","Correct"
"Karnataka","Mysuru",2022,2023,"Burglary",392,2872025,"High","High","Correct"
"Karnataka","Mysuru",2022,2023,"Cybercrime",312,2872025,"High","High","Correct"
"Karnataka","Mysuru",2022,2023,"Dowry Deaths",1108,2872025,"Medium","Medium","Correct"
"Karnataka","Mysuru",2022,2023,"Fraud",218,2872025,"High","High","Correct"
"Karnataka","Mysuru",2022,2023,"Kidnapping",381,2872025,"Medium","High","Incorrect"
"Karnataka","Mysuru",2022,2023,"Murder",876,2872025,"High","High","Correct"
"Karnataka","Mysuru",2022,2023,"Rape",959,2872025,"Medium","High","Incorrect"
"Karnataka","Mysuru",2022,2023,"Robbery",969,2872025,"High","High","Correct"
"Karnataka","Mysuru",2022,2023,"Theft",839,2872025,"High","High","Correct"
"Karnataka","Raichur",2022,2023,"Assault",342,3826872,"Low","High","Incorrect"
"Karnataka","Raichur",2022,2023,"Burglary",1036,3826872,"Low","Medium","Incorrect"
"Karnataka","Raichur",2022,2023,"Cybercrime",716,3826872,"Low","Low","Correct"
"Karnataka","Raichur",2022,2023,"Dowry Deaths",263,3826872,"High","High","Correct"
"Karnataka","Raichur",2022,2023,"Fraud",307,3826872,"Medium","High","Incorrect"
"Karnataka","Raichur",2022,2023,"Kidnapping",758,3826872,"Low","Low","Correct"
"Karnataka","Raichur",2022,2023,"Murder",1199,3826872,"Low","Low","Correct"
"Karnataka","Raichur",2022,2023,"Rape",240,3826872,"High","High","Correct"
"Karnataka","Raichur",2022,2023,"Robbery",1085,3826872,"Medium","Low","Incorrect"
"Karnataka","Raichur",2022,2023,"Theft",1083,3826872,"Medium","Low","Incorrect"
"Karnataka","Ramanagara",2022,2023,"Assault",572,3810043,"Medium","Low","Incorrect"
"Karnataka","Ramanagara",2022,2023,"Burglary",567,3810043,"Medium","High","Incorrect"
"Karnataka","Ramanagara",2022,2023,"Cybercrime",989,3810043,"Low","Low","Correct"
"Karnataka","Ramanagara",2022,2023,"Dowry Deaths",595,3810043,"High","Low","Incorrect"
"Karnataka","Ramanagara",2022,2023,"Fraud",505,3810043,"High","Medium","Incorrect"
"Karnataka","Ramanagara",2022,2023,"Kidnapping",469,3810043,"Medium","High","Incorrect"
"Karnataka","Ramanagara",2022,2023,"Murder",1059,3810043,"Medium","Low","Incorrect"
"Karnataka","Ramanagara",2022,2023,"Rape",1062,3810043,"Low","Low","Correct"
"Karnataka","Ramanagara",2022,2023,"Robbery",62,3810043,"Medium","High","Incorrect"
"Karnataka","Ramanagara",2022,2023,"Theft",242,3810043,"High","High","Correct"
"Karnataka","Shivamogga",2022,2023,"Assault",671,5967191,"Medium","Medium","Correct"
"Karnataka","Shivamogga",2022,2023,"Burglary",523,5967191,"Medium","Medium","Correct"
"Karnataka","Shivamogga",2022,2023,"Cybercrime",884,5967191,"Low","Low","Correct"
"Karnataka","Shivamogga",2022,2023,"Dowry Deaths",758,5967191,"Medium","Low","Incorrect"
"Karnataka","Shivamogga",2022,2023,"Fraud",1116,5967191,"Low","Low","Correct"
"Karnataka","Shivamogga",2022,2023,"Kidnapping",396,5967191,"Low","Medium","Incorrect"
"Karnataka","Shivamogga",2022,2023,"Murder",1093,5967191,"Low","Low","Correct"
"Karnataka","Shivamogga",2022,2023,"Rape",429,5967191,"Low","Medium","Incorrect"
"Karnataka","Shivamogga",2022,2023,"Robbery",144,5967191,"Low","Low","Correct"
"Karnataka","Shivamogga",2022,2023,"Theft",971,5967191,"Low","Low","Correct"
"Karnataka","Tumakuru",2022,2023,"Assault",321,5333103,"Medium","Medium","Correct"
"Karnataka","Tumakuru",2022,2023,"Burglary",505,5333103,"Medium","Medium","Correct"
"Karnataka","Tumakuru",2022,2023,"Cybercrime",233,5333103,"Medium","Low","Incorrect"
"Karnataka","Tumakuru",2022,2023,"Dowry Deaths",1168,5333103,"Low","Low","Correct"
"Karnataka","Tumakuru",2022,2023,"Fraud",297,5333103,"Medium","Medium","Correct"
"Karnataka","Tumakuru",2022,2023,"Kidnapping",253,5333103,"Medium","Medium","Correct"
"Karnataka","Tumakuru",2022,2023,"Murder",1046,5333103,"High","Medium","Incorrect"
"Karnataka","Tumakuru",2022,2023,"Rape",645,5333103,"Medium","Medium","Correct"
"Karnataka","Tumakuru",2022,2023,"Robbery",1147,5333103,"Medium","Low","Incorrect"
"Karnataka","Tumakuru",2022,2023,"Theft",305,5333103,"Low","Medium","Incorrect"
"Karnataka","Udupi",2022,2023,"Assault",1137,6317754,"Medium","Low","Incorrect"
"Karnataka","Udupi",2022,2023,"Burglary",964,6317754,"Medium","Low","Incorrect"
"Karnataka","Udupi",2022,2023,"Cybercrime",215,6317754,"Low","Low","Correct"
"Karnataka","Udupi",2022,2023,"Dowry Deaths",641,6317754,"Medium","Medium","Correct"
"Karnataka","Udupi",2022,2023,"Fraud",686,6317754,"Medium","Low","Incorrect"
"Karnataka","Udupi",2022,2023,"Kidnapping",406,6317754,"Medium","Medium","Correct"
"Karnataka","Udupi",2022,2023,"Murder",210,6317754,"Medium","Low","Incorrect"
"Karnataka","Udupi",2022,2023,"Rape",903,6317754,"Medium","Low","Incorrect"
"Karnataka","Udupi",2022,2023,"Robbery",427,6317754,"Medium","Low","Incorrect"
"Karnataka","Udupi",2022,2023,"Theft",177,6317754,"Low","Medium","Incorrect"
"Karnataka","Vijayapura",2022,2023,"Assault",1006,2600649,"Low","High","Incorrect"
"Karnataka","Vijayapura",2022,2023,"Burglary",892,2600649,"Medium","High","Incorrect"
"Karnataka","Vijayapura",2022,2023,"Cybercrime",907,2600649,"Low","High","Incorrect"
"Karnataka","Vijayapura",2022,2023,"Dowry Deaths",498,2600649,"Medium","High","Incorrect"
"Karnataka","Vijayapura",2022,2023,"Fraud",279,2600649,"Medium","High","Incorrect"
"Karnataka","Vijayapura",2022,2023,"Kidnapping",456,2600649,"Medium","High","Incorrect"
"Karnataka","Vijayapura",2022,2023,"Murder",534,2600649,"Low","High","Incorrect"
"Karnataka","Vijayapura",2022,2023,"Rape",500,2600649,"High","High","Correct"
"Karnataka","Vijayapura",2022,2023,"Robbery",392,2600649,"High","High","Correct"
"Karnataka","Vijayapura",2022,2023,"Theft",521,2600649,"High","Low","Incorrect"
"Karnataka","Yadgir",2022,2023,"Assault",801,2797516,"High","High","Correct"
"Karnataka","Yadgir",2022,2023,"Burglary",1159,2797516,"High","High","Correct"
"Karnataka","Yadgir",2022,2023,"Cybercrime",1160,2797516,"Medium","High","Incorrect"
"Karnataka","Yadgir",2022,2023,"Dowry Deaths",504,2797516,"Medium","High","Incorrect"
"Karnataka","Yadgir",2022,2023,"Fraud",434,2797516,"Low","High","Incorrect"
"Karnataka","Yadgir",2022,2023,"Kidnapping",487,2797516,"Medium","High","Incorrect"
"Karnataka","Yadgir",2022,2023,"Murder",1048,2797516,"Low","High","Incorrect"
"Karnataka","Yadgir",2022,2023,"Rape",670,2797516,"High","High","Correct"
"Karnataka","Yadgir",2022,2023,"Robbery",417,2797516,"Low","High","Incorrect"
"Karnataka","Yadgir",2022,2023,"Theft",199,2797516,"Medium","High","Incorrect"
"Kerala","Alappuzha",2022,2023,"Assault",225,6769496,"Low","Low","Correct"
"Kerala","Alappuzha",2022,2023,"Burglary",220,6769496,"Low","Low","Correct"
"Kerala","Alappuzha",2022,2023,"Cybercrime",800,6769496,"Medium","Low","Incorrect"
"Kerala","Alappuzha",2022,2023,"Dowry Deaths",945,6769496,"Low","Low","Correct"
"Kerala","Alappuzha",2022,2023,"Fraud",1061,6769496,"Low","Low","Correct"
"Kerala","Alappuzha",2022,2023,"Kidnapping",123,6769496,"Low","Medium","Incorrect"
"Kerala","Alappuzha",2022,2023,"Murder",1033,6769496,"Medium","Low","Incorrect"
"Kerala","Alappuzha",2022,2023,"Rape",583,6769496,"Medium","Medium","Correct"
"Kerala","Alappuzha",2022,2023,"Robbery",1027,6769496,"Low","Low","Correct"
"Kerala","Alappuzha",2022,2023,"Theft",1023,6769496,"Medium","Low","Incorrect"
"Kerala","Attingal",2022,2023,"Assault",232,4682554,"Low","Low","Correct"
"Kerala","Attingal",2022,2023,"Burglary",22,4682554,"Low","Medium","Incorrect"
"Kerala","Attingal",2022,2023,"Cybercrime",877,4682554,"Medium","Medium","Correct"
"Kerala","Attingal",2022,2023,"Dowry Deaths",496,4682554,"High","Low","Incorrect"
"Kerala","Attingal",2022,2023,"Fraud",552,4682554,"Medium","Medium","Correct"
"Kerala","Attingal",2022,2023,"Kidnapping",408,4682554,"Low","Low","Correct"
"Kerala","Attingal",2022,2023,"Murder",1130,4682554,"Low","Low","Correct"
"Kerala","Attingal",2022,2023,"Rape",484,4682554,"Medium","Medium","Correct"
"Kerala","Attingal",2022,2023,"Robbery",898,4682554,"Low","Low","Correct"
"Kerala","Attingal",2022,2023,"Theft",610,4682554,"High","Medium","Incorrect"
"Kerala","Chalakudy",2022,2023,"Assault",660,4335842,"High","Medium","Incorrect"
"Kerala","Chalakudy",2022,2023,"Burglary",120,4335842,"High","Low","Incorrect"
"Kerala","Chalakudy",2022,2023,"Cybercrime",862,4335842,"Medium","Low","Incorrect"
"Kerala","Chalakudy",2022,2023,"Dowry Deaths",886,4335842,"Medium","Medium","Correct"
"Kerala","Chalakudy",2022,2023,"Fraud",742,4335842,"Low","Medium","Incorrect"
"Kerala","Chalakudy",2022,2023,"Kidnapping",842,4335842,"Low","Low","Correct"
"Kerala","Chalakudy",2022,2023,"Murder",351,4335842,"Medium","Medium","Correct"
"Kerala","Chalakudy",2022,2023,"Rape",1014,4335842,"High","Medium","Incorrect"
"Kerala","Chalakudy",2022,2023,"Robbery",537,4335842,"Medium","Medium","Correct"
"Kerala","Chalakudy",2022,2023,"Theft",139,4335842,"Medium","Low","Incorrect"
"Kerala","Changanassery",2022,2023,"Assault",736,1694939,"High","High","Correct"
"Kerala","Changanassery",2022,2023,"Burglary",230,1694939,"High","High","Correct"
"Kerala","Changanassery",2022,2023,"Cybercrime",1147,1694939,"High","High","Correct"
"Kerala","Changanassery",2022,2023,"Dowry Deaths",659,1694939,"High","High","Correct"
"Kerala","Changanassery",2022,2023,"Fraud",81,1694939,"High","High","Correct"
"Kerala","Changanassery",2022,2023,"Kidnapping",237,1694939,"High","High","Correct"
"Kerala","Changanassery",2022,2023,"Murder",1040,1694939,"High","High","Correct"
"Kerala","Changanassery",2022,2023,"Rape",603,1694939,"Medium","Medium","Correct"
"Kerala","Changanassery",2022,2023,"Robbery",169,1694939,"High","High","Correct"
"Kerala","Changanassery",2022,2023,"Theft",398,1694939,"High","High","Correct"
"Kerala","Ernakulam",2022,2023,"Assault",603,3238788,"Medium","Low","Incorrect"
"Kerala","Ernakulam",2022,2023,"Burglary",410,3238788,"High","High","Correct"
"Kerala","Ernakulam",2022,2023,"Cybercrime",875,3238788,"High","High","Correct"
"Kerala","Ernakulam",2022,2023,"Dowry Deaths",205,3238788,"Low","High","Incorrect"
"Kerala","Ernakulam",2022,2023,"Fraud",654,3238788,"Low","High","Incorrect"
"Kerala","Ernakulam",2022,2023,"Kidnapping",134,3238788,"Medium","High","Incorrect"
"Kerala","Ernakulam",2022,2023,"Murder",474,3238788,"Low","High","Incorrect"
"Kerala","Ernakulam",2022,2023,"Rape",539,3238788,"Low","Low","Correct"
"Kerala","Ernakulam",2022,2023,"Robbery",778,3238788,"High","Medium","Incorrect"
"Kerala","Ernakulam",2022,2023,"Theft",499,3238788,"Medium","High","Incorrect"
"Kerala","Idukki",2022,2023,"Assault",383,3936390,"High","Low","Incorrect"
"Kerala","Idukki",2022,2023,"Burglary",856,3936390,"High","High","Correct"
"Kerala","Idukki",2022,2023,"Cybercrime",31,3936390,"Low","Medium","Incorrect"
"Kerala","Idukki",2022,2023,"Dowry Deaths",1041,3936390,"High","Medium","Incorrect"
"Kerala","Idukki",2022,2023,"Fraud",687,3936390,"Low","Low","Correct"
"Kerala","Idukki",2022,2023,"Kidnapping",1103,3936390,"High","Medium","Incorrect"
"Kerala","Idukki",2022,2023,"Murder",1003,3936390,"Low","Low","Correct"
"Kerala","Idukki",2022,2023,"Rape",638,3936390,"Medium","Medium","Correct"
"Kerala","Idukki",2022,2023,"Robbery",340,3936390,"High","Medium","Incorrect"
"Kerala","Idukki",2022,2023,"Theft",280,3936390,"Medium","Medium","Correct"
"Kerala","Kannur",2022,2023,"Assault",313,5997452,"Low","Medium","Incorrect"
"Kerala","Kannur",2022,2023,"Burglary",700,5997452,"Low","Medium","Incorrect"
"Kerala","Kannur",2022,2023,"Cybercrime",1099,5997452,"Medium","Low","Incorrect"
"Kerala","Kannur",2022,2023,"Dowry Deaths",987,5997452,"Low","Medium","Incorrect"
"Kerala","Kannur",2022,2023,"Fraud",285,5997452,"Low","Low","Correct"
"Kerala","Kannur",2022,2023,"Kidnapping",1010,5997452,"Medium","Low","Incorrect"
"Kerala","Kannur",2022,2023,"Murder",1144,5997452,"Medium","Low","Incorrect"
"Kerala","Kannur",2022,2023,"Rape",914,5997452,"Low","Medium","Incorrect"
"Kerala","Kannur",2022,2023,"Robbery",917,5997452,"Low","Low","Correct"
"Kerala","Kannur",2022,2023,"Theft",547,5997452,"Medium","Low","Incorrect"
"Kerala","Kasargod",2022,2023,"Assault",433,5987095,"Medium","Low","Incorrect"
"Kerala","Kasargod",2022,2023,"Burglary",386,5987095,"Medium","Medium","Correct"
"Kerala","Kasargod",2022,2023,"Cybercrime",1028,5987095,"Low","Medium","Incorrect"
"Kerala","Kasargod",2022,2023,"Dowry Deaths",857,5987095,"Low","Medium","Incorrect"
"Kerala","Kasargod",2022,2023,"Fraud",582,5987095,"Medium","Low","Incorrect"
"Kerala","Kasargod",2022,2023,"Kidnapping",50,5987095,"Low","Low","Correct"
"Kerala","Kasargod",2022,2023,"Murder",815,5987095,"Medium","Medium","Correct"
"Kerala","Kasargod",2022,2023,"Rape",1035,5987095,"Low","Medium","Incorrect"
"Kerala","Kasargod",2022,2023,"Robbery",392,5987095,"Medium","Low","Incorrect"
"Kerala","Kasargod",2022,2023,"Theft",120,5987095,"Low","Medium","Incorrect"
"Kerala","Kochi",2022,2023,"Assault",1109,5655791,"Low","Low","Correct"
"Kerala","Kochi",2022,2023,"Burglary",947,5655791,"Medium","Low","Incorrect"
"Kerala","Kochi",2022,2023,"Cybercrime",171,5655791,"Medium","Low","Incorrect"
"Kerala","Kochi",2022,2023,"Dowry Deaths",265,5655791,"Low","Medium","Incorrect"
"Kerala","Kochi",2022,2023,"Fraud",820,5655791,"Low","Low","Correct"
"Kerala","Kochi",2022,2023,"Kidnapping",594,5655791,"Low","Medium","Incorrect"
"Kerala","Kochi",2022,2023,"Murder",900,5655791,"Medium","Medium","Correct"
"Kerala","Kochi",2022,2023,"Rape",382,5655791,"Medium","Medium","Correct"
"Kerala","Kochi",2022,2023,"Robbery",428,5655791,"Medium","Low","Incorrect"
"Kerala","Kochi",2022,2023,"Theft",440,5655791,"Low","Medium","Incorrect"
"Kerala","Kollam",2022,2023,"Assault",324,6434912,"Medium","Medium","Correct"
"Kerala","Kollam",2022,2023,"Burglary",100,6434912,"Low","Low","Correct"
"Kerala","Kollam",2022,2023,"Cybercrime",1074,6434912,"Medium","Medium","Correct"
"Kerala","Kollam",2022,2023,"Dowry Deaths",967,6434912,"Low","Low","Correct"
"Kerala","Kollam",2022,2023,"Fraud",605,6434912,"Low","Low","Correct"
"Kerala","Kollam",2022,2023,"Kidnapping",191,6434912,"Low","Low","Correct"
"Kerala","Kollam",2022,2023,"Murder",846,6434912,"Low","Low","Correct"
"Kerala","Kollam",2022,2023,"Rape",834,6434912,"Low","Medium","Incorrect"
"Kerala","Kollam",2022,2023,"Robbery",723,6434912,"Medium","Low","Incorrect"
"Kerala","Kollam",2022,2023,"Theft",1045,6434912,"Low","Low","Correct"
"Kerala","Kottayam",2022,2023,"Assault",370,4936527,"Low","Medium","Incorrect"
"Kerala","Kottayam",2022,2023,"Burglary",403,4936527,"Medium","Medium","Correct"
"Kerala","Kottayam",2022,2023,"Cybercrime",1013,4936527,"High","Low","Incorrect"
"Kerala","Kottayam",2022,2023,"Dowry Deaths",423,4936527,"Medium","Low","Incorrect"
"Kerala","Kottayam",2022,2023,"Fraud",192,4936527,"Medium","Medium","Correct"
"Kerala","Kottayam",2022,2023,"Kidnapping",143,4936527,"Medium","Low","Incorrect"
"Kerala","Kottayam",2022,2023,"Murder",633,4936527,"Low","Low","Correct"
"Kerala","Kottayam",2022,2023,"Rape",53,4936527,"Medium","Low","Incorrect"
"Kerala","Kottayam",2022,2023,"Robbery",23,4936527,"Low","Low","Correct"
"Kerala","Kottayam",2022,2023,"Theft",1060,4936527,"Medium","Low","Incorrect"
"Kerala","Kozhikode",2022,2023,"Assault",277,6027553,"Low","Low","Correct"
"Kerala","Kozhikode",2022,2023,"Burglary",1133,6027553,"Medium","Medium","Correct"
"Kerala","Kozhikode",2022,2023,"Cybercrime",820,6027553,"Medium","Low","Incorrect"
"Kerala","Kozhikode",2022,2023,"Dowry Deaths",789,6027553,"Low","Low","Correct"
"Kerala","Kozhikode",2022,2023,"Fraud",768,6027553,"Medium","Low","Incorrect"
"Kerala","Kozhikode",2022,2023,"Kidnapping",72,6027553,"Low","Low","Correct"
"Kerala","Kozhikode",2022,2023,"Murder",48,6027553,"Medium","Low","Incorrect"
"Kerala","Kozhikode",2022,2023,"Rape",259,6027553,"Medium","Low","Incorrect"
"Kerala","Kozhikode",2022,2023,"Robbery",884,6027553,"Medium","Low","Incorrect"
"Kerala","Kozhikode",2022,2023,"Theft",59,6027553,"Medium","Medium","Correct"
"Kerala","Malappuram",2022,2023,"Assault",263,2187791,"High","High","Correct"
"Kerala","Malappuram",2022,2023,"Burglary",390,2187791,"Medium","High","Incorrect"
"Kerala","Malappuram",2022,2023,"Cybercrime",664,2187791,"High","High","Correct"
"Kerala","Malappuram",2022,2023,"Dowry Deaths",1069,2187791,"High","High","Correct"
"Kerala","Malappuram",2022,2023,"Fraud",548,2187791,"Low","High","Incorrect"
"Kerala","Malappuram",2022,2023,"Kidnapping",585,2187791,"High","High","Correct"
"Kerala","Malappuram",2022,2023,"Murder",1118,2187791,"High","High","Correct"
"Kerala","Malappuram",2022,2023,"Rape",712,2187791,"High","High","Correct"
"Kerala","Malappuram",2022,2023,"Robbery",272,2187791,"Low","High","Incorrect"
"Kerala","Malappuram",2022,2023,"Theft",305,2187791,"Low","High","Incorrect"
"Kerala","Manjeri",2022,2023,"Assault",1093,5498609,"Medium","Low","Incorrect"
"Kerala","Manjeri",2022,2023,"Burglary",754,5498609,"Low","Medium","Incorrect"
"Kerala","Manjeri",2022,2023,"Cybercrime",135,5498609,"Medium","Medium","Correct"
"Kerala","Manjeri",2022,2023,"Dowry Deaths",192,5498609,"Medium","Low","Incorrect"
"Kerala","Manjeri",2022,2023,"Fraud",957,5498609,"Low","Low","Correct"
"Kerala","Manjeri",2022,2023,"Kidnapping",226,5498609,"Low","Low","Correct"
"Kerala","Manjeri",2022,2023,"Murder",1047,5498609,"Low","Medium","Incorrect"
"Kerala","Manjeri",2022,2023,"Rape",65,5498609,"Low","Medium","Incorrect"
"Kerala","Manjeri",2022,2023,"Robbery",1090,5498609,"Medium","Medium","Correct"
"Kerala","Manjeri",2022,2023,"Theft",745,5498609,"Low","Medium","Incorrect"
"Kerala","Muvattupuzha",2022,2023,"Assault",975,1481606,"High","High","Correct"
"Kerala","Muvattupuzha",2022,2023,"Burglary",224,1481606,"High","High","Correct"
"Kerala","Muvattupuzha",2022,2023,"Cybercrime",1124,1481606,"High","High","Correct"
"Kerala","Muvattupuzha",2022,2023,"Dowry Deaths",561,1481606,"Low","High","Incorrect"
"Kerala","Muvattupuzha",2022,2023,"Fraud",608,1481606,"High","High","Correct"
"Kerala","Muvattupuzha",2022,2023,"Kidnapping",227,1481606,"Low","High","Incorrect"
"Kerala","Muvattupuzha",2022,2023,"Murder",189,1481606,"High","High","Correct"
"Kerala","Muvattupuzha",2022,2023,"Rape",285,1481606,"High","High","Correct"
"Kerala","Muvattupuzha",2022,2023,"Robbery",691,1481606,"Low","High","Incorrect"
"Kerala","Muvattupuzha",2022,2023,"Theft",666,1481606,"High","High","Correct"
"Kerala","Nedumangad",2022,2023,"Assault",1126,2341988,"Medium","High","Incorrect"
"Kerala","Nedumangad",2022,2023,"Burglary",960,2341988,"High","High","Correct"
"Kerala","Nedumangad",2022,2023,"Cybercrime",1187,2341988,"Medium","High","Incorrect"
"Kerala","Nedumangad",2022,2023,"Dowry Deaths",969,2341988,"High","High","Correct"
"Kerala","Nedumangad",2022,2023,"Fraud",1042,2341988,"High","High","Correct"
"Kerala","Nedumangad",2022,2023,"Kidnapping",604,2341988,"High","High","Correct"
"Kerala","Nedumangad",2022,2023,"Murder",769,2341988,"High","High","Correct"
"Kerala","Nedumangad",2022,2023,"Rape",485,2341988,"Medium","High","Incorrect"
"Kerala","Nedumangad",2022,2023,"Robbery",844,2341988,"High","High","Correct"
"Kerala","Nedumangad",2022,2023,"Theft",742,2341988,"High","High","Correct"
"Kerala","Ottapalam",2022,2023,"Assault",416,4929427,"Medium","Medium","Correct"
"Kerala","Ottapalam",2022,2023,"Burglary",937,4929427,"Medium","Low","Incorrect"
"Kerala","Ottapalam",2022,2023,"Cybercrime",299,4929427,"Medium","Medium","Correct"
"Kerala","Ottapalam",2022,2023,"Dowry Deaths",761,4929427,"Low","Medium","Incorrect"
"Kerala","Ottapalam",2022,2023,"Fraud",214,4929427,"High","Medium","Incorrect"
"Kerala","Ottapalam",2022,2023,"Kidnapping",1077,4929427,"Low","Medium","Incorrect"
"Kerala","Ottapalam",2022,2023,"Murder",286,4929427,"Medium","Medium","Correct"
"Kerala","Ottapalam",2022,2023,"Rape",1077,4929427,"High","Medium","Incorrect"
"Kerala","Ottapalam",2022,2023,"Robbery",583,4929427,"Medium","Medium","Correct"
"Kerala","Ottapalam",2022,2023,"Theft",78,4929427,"Low","Medium","Incorrect"
"Kerala","Palakkad",2022,2023,"Assault",460,6177686,"Medium","Low","Incorrect"
"Kerala","Palakkad",2022,2023,"Burglary",318,6177686,"Medium","Low","Incorrect"
"Kerala","Palakkad",2022,2023,"Cybercrime",713,6177686,"Medium","Medium","Correct"
"Kerala","Palakkad",2022,2023,"Dowry Deaths",167,6177686,"Low","Medium","Incorrect"
"Kerala","Palakkad",2022,2023,"Fraud",1056,6177686,"Medium","Low","Incorrect"
"Kerala","Palakkad",2022,2023,"Kidnapping",997,6177686,"Low","Low","Correct"
"Kerala","Palakkad",2022,2023,"Murder",1163,6177686,"Medium","Low","Incorrect"
"Kerala","Palakkad",2022,2023,"Rape",721,6177686,"Low","Low","Correct"
"Kerala","Palakkad",2022,2023,"Robbery",604,6177686,"Low","Low","Correct"
"Kerala","Palakkad",2022,2023,"Theft",546,6177686,"Medium","Medium","Correct"
"Kerala","Pathanamthitta",2022,2023,"Assault",323,4626671,"Medium","Low","Incorrect"
"Kerala","Pathanamthitta",2022,2023,"Burglary",214,4626671,"Low","Low","Correct"
"Kerala","Pathanamthitta",2022,2023,"Cybercrime",965,4626671,"High","Medium","Incorrect"
"Kerala","Pathanamthitta",2022,2023,"Dowry Deaths",641,4626671,"Low","Medium","Incorrect"
"Kerala","Pathanamthitta",2022,2023,"Fraud",527,4626671,"Low","Medium","Incorrect"
"Kerala","Pathanamthitta",2022,2023,"Kidnapping",969,4626671,"Medium","Medium","Correct"
"Kerala","Pathanamthitta",2022,2023,"Murder",1168,4626671,"Medium","Medium","Correct"
"Kerala","Pathanamthitta",2022,2023,"Rape",1183,4626671,"High","Medium","Incorrect"
"Kerala","Pathanamthitta",2022,2023,"Robbery",1117,4626671,"Medium","Low","Incorrect"
"Kerala","Pathanamthitta",2022,2023,"Theft",124,4626671,"Medium","Medium","Correct"
"Kerala","Payyanur",2022,2023,"Assault",96,1122850,"High","High","Correct"
"Kerala","Payyanur",2022,2023,"Burglary",96,1122850,"High","High","Correct"
"Kerala","Payyanur",2022,2023,"Cybercrime",200,1122850,"Medium","High","Incorrect"
"Kerala","Payyanur",2022,2023,"Dowry Deaths",605,1122850,"High","High","Correct"
"Kerala","Payyanur",2022,2023,"Fraud",854,1122850,"High","High","Correct"
"Kerala","Payyanur",2022,2023,"Kidnapping",1005,1122850,"High","High","Correct"
"Kerala","Payyanur",2022,2023,"Murder",624,1122850,"High","High","Correct"
"Kerala","Payyanur",2022,2023,"Rape",660,1122850,"Low","High","Incorrect"
"Kerala","Payyanur",2022,2023,"Robbery",862,1122850,"High","High","Correct"
"Kerala","Payyanur",2022,2023,"Theft",714,1122850,"Medium","High","Incorrect"
"Kerala","Ponnani",2022,2023,"Assault",638,6003283,"Low","Low","Correct"
"Kerala","Ponnani",2022,2023,"Burglary",751,6003283,"Low","Low","Correct"
"Kerala","Ponnani",2022,2023,"Cybercrime",384,6003283,"Low","Medium","Incorrect"
"Kerala","Ponnani",2022,2023,"Dowry Deaths",886,6003283,"Medium","Medium","Correct"
"Kerala","Ponnani",2022,2023,"Fraud",114,6003283,"Low","Medium","Incorrect"
"Kerala","Ponnani",2022,2023,"Kidnapping",863,6003283,"Medium","Medium","Correct"
"Kerala","Ponnani",2022,2023,"Murder",1089,6003283,"Medium","Medium","Correct"
"Kerala","Ponnani",2022,2023,"Rape",187,6003283,"Medium","Low","Incorrect"
"Kerala","Ponnani",2022,2023,"Robbery",477,6003283,"Low","Medium","Incorrect"
"Kerala","Ponnani",2022,2023,"Theft",122,6003283,"Medium","Medium","Correct"
"Kerala","Thiruvananthapuram",2022,2023,"Assault",1001,2123205,"High","High","Correct"
"Kerala","Thiruvananthapuram",2022,2023,"Burglary",1131,2123205,"High","High","Correct"
"Kerala","Thiruvananthapuram",2022,2023,"Cybercrime",1196,2123205,"High","High","Correct"
"Kerala","Thiruvananthapuram",2022,2023,"Dowry Deaths",365,2123205,"Medium","High","Incorrect"
"Kerala","Thiruvananthapuram",2022,2023,"Fraud",1080,2123205,"High","High","Correct"
"Kerala","Thiruvananthapuram",2022,2023,"Kidnapping",889,2123205,"Medium","High","Incorrect"
"Kerala","Thiruvananthapuram",2022,2023,"Murder",281,2123205,"High","High","Correct"
"Kerala","Thiruvananthapuram",2022,2023,"Rape",996,2123205,"High","High","Correct"
"Kerala","Thiruvananthapuram",2022,2023,"Robbery",975,2123205,"High","High","Correct"
"Kerala","Thiruvananthapuram",2022,2023,"Theft",224,2123205,"Medium","High","Incorrect"
"Kerala","Thodupuzha",2022,2023,"Assault",605,4027509,"Low","Medium","Incorrect"
"Kerala","Thodupuzha",2022,2023,"Burglary",739,4027509,"Medium","Medium","Correct"
"Kerala","Thodupuzha",2022,2023,"Cybercrime",545,4027509,"Medium","Low","Incorrect"
"Kerala","Thodupuzha",2022,2023,"Dowry Deaths",532,4027509,"Medium","Low","Incorrect"
"Kerala","Thodupuzha",2022,2023,"Fraud",1087,4027509,"Low","Medium","Incorrect"
"Kerala","Thodupuzha",2022,2023,"Kidnapping",32,4027509,"Low","Medium","Incorrect"
"Kerala","Thodupuzha",2022,2023,"Murder",1152,4027509,"Low","Medium","Incorrect"
"Kerala","Thodupuzha",2022,2023,"Rape",253,4027509,"High","Medium","Incorrect"
"Kerala","Thodupuzha",2022,2023,"Robbery",1144,4027509,"Medium","Low","Incorrect"
"Kerala","Thodupuzha",2022,2023,"Theft",259,4027509,"Medium","Medium","Correct"
"Kerala","Thrissur",2022,2023,"Assault",869,6704339,"Low","Medium","Incorrect"
"Kerala","Thrissur",2022,2023,"Burglary",571,6704339,"Low","Low","Correct"
"Kerala","Thrissur",2022,2023,"Cybercrime",690,6704339,"Low","Low","Correct"
"Kerala","Thrissur",2022,2023,"Dowry Deaths",935,6704339,"Low","Low","Correct"
"Kerala","Thrissur",2022,2023,"Fraud",166,6704339,"Low","Medium","Incorrect"
"Kerala","Thrissur",2022,2023,"Kidnapping",399,6704339,"Medium","Low","Incorrect"
"Kerala","Thrissur",2022,2023,"Murder",1020,6704339,"Medium","Low","Incorrect"
"Kerala","Thrissur",2022,2023,"Rape",427,6704339,"Low","Low","Correct"
"Kerala","Thrissur",2022,2023,"Robbery",1088,6704339,"Low","Low","Correct"
"Kerala","Thrissur",2022,2023,"Theft",658,6704339,"Medium","Low","Incorrect"
"Kerala","Wayanad",2022,2023,"Assault",410,1110426,"High","High","Correct"
"Kerala","Wayanad",2022,2023,"Burglary",1140,1110426,"High","High","Correct"
"Kerala","Wayanad",2022,2023,"Cybercrime",712,1110426,"High","High","Correct"
"Kerala","Wayanad",2022,2023,"Dowry Deaths",189,1110426,"High","High","Correct"
"Kerala","Wayanad",2022,2023,"Fraud",546,1110426,"High","High","Correct"
"Kerala","Wayanad",2022,2023,"Kidnapping",1018,1110426,"High","High","Correct"
"Kerala","Wayanad",2022,2023,"Murder",58,1110426,"High","High","Correct"
"Kerala","Wayanad",2022,2023,"Rape",202,1110426,"High","High","Correct"
"Kerala","Wayanad",2022,2023,"Robbery",891,1110426,"High","High","Correct"
"Kerala","Wayanad",2022,2023,"Theft",744,1110426,"High","High","Correct"
"Madhya Pradesh","Balaghat",2022,2023,"Assault",953,946571,"Medium","High","Incorrect"
"Madhya Pradesh","Balaghat",2022,2023,"Burglary",57,946571,"Medium","High","Incorrect"
"Madhya Pradesh","Balaghat",2022,2023,"Cybercrime",680,946571,"High","High","Correct"
"Madhya Pradesh","Balaghat",2022,2023,"Dowry Deaths",153,946571,"High","High","Correct"
"Madhya Pradesh","Balaghat",2022,2023,"Fraud",386,946571,"High","High","Correct"
"Madhya Pradesh","Balaghat",2022,2023,"Kidnapping",198,946571,"High","High","Correct"
"Madhya Pradesh","Balaghat",2022,2023,"Murder",1101,946571,"High","High","Correct"
"Madhya Pradesh","Balaghat",2022,2023,"Rape",91,946571,"High","High","Correct"
"Madhya Pradesh","Balaghat",2022,2023,"Robbery",461,946571,"High","High","Correct"
"Madhya Pradesh","Balaghat",2022,2023,"Theft",174,946571,"High","High","Correct"
"Madhya Pradesh","Betul",2022,2023,"Assault",510,4514359,"Medium","Low","Incorrect"
"Madhya Pradesh","Betul",2022,2023,"Burglary",317,4514359,"Medium","Medium","Correct"
"Madhya Pradesh","Betul",2022,2023,"Cybercrime",206,4514359,"Low","Medium","Incorrect"
"Madhya Pradesh","Betul",2022,2023,"Dowry Deaths",459,4514359,"Low","Low","Correct"
"Madhya Pradesh","Betul",2022,2023,"Fraud",304,4514359,"Low","Medium","Incorrect"
"Madhya Pradesh","Betul",2022,2023,"Kidnapping",564,4514359,"Medium","Low","Incorrect"
"Madhya Pradesh","Betul",2022,2023,"Murder",50,4514359,"Medium","Medium","Correct"
"Madhya Pradesh","Betul",2022,2023,"Rape",181,4514359,"Medium","Medium","Correct"
"Madhya Pradesh","Betul",2022,2023,"Robbery",467,4514359,"Medium","Medium","Correct"
"Madhya Pradesh","Betul",2022,2023,"Theft",565,4514359,"Low","Low","Correct"
"Madhya Pradesh","Bhopal",2022,2023,"Assault",992,3086176,"High","High","Correct"
"Madhya Pradesh","Bhopal",2022,2023,"Burglary",186,3086176,"Medium","High","Incorrect"
"Madhya Pradesh","Bhopal",2022,2023,"Cybercrime",295,3086176,"Low","Low","Correct"
"Madhya Pradesh","Bhopal",2022,2023,"Dowry Deaths",346,3086176,"Low","Medium","Incorrect"
"Madhya Pradesh","Bhopal",2022,2023,"Fraud",959,3086176,"High","High","Correct"
"Madhya Pradesh","Bhopal",2022,2023,"Kidnapping",384,3086176,"Medium","High","Incorrect"
"Madhya Pradesh","Bhopal",2022,2023,"Murder",176,3086176,"High","Medium","Incorrect"
"Madhya Pradesh","Bhopal",2022,2023,"Rape",591,3086176,"High","Low","Incorrect"
"Madhya Pradesh","Bhopal",2022,2023,"Robbery",329,3086176,"Medium","Medium","Correct"
"Madhya Pradesh","Bhopal",2022,2023,"Theft",902,3086176,"High","High","Correct"
"Madhya Pradesh","Chhindwara",2022,2023,"Assault",1022,5371261,"Medium","Low","Incorrect"
"Madhya Pradesh","Chhindwara",2022,2023,"Burglary",103,5371261,"Medium","Low","Incorrect"
"Madhya Pradesh","Chhindwara",2022,2023,"Cybercrime",570,5371261,"Medium","Low","Incorrect"
"Madhya Pradesh","Chhindwara",2022,2023,"Dowry Deaths",432,5371261,"Medium","Medium","Correct"
"Madhya Pradesh","Chhindwara",2022,2023,"Fraud",646,5371261,"Medium","Medium","Correct"
"Madhya Pradesh","Chhindwara",2022,2023,"Kidnapping",136,5371261,"Low","Medium","Incorrect"
"Madhya Pradesh","Chhindwara",2022,2023,"Murder",916,5371261,"Low","Medium","Incorrect"
"Madhya Pradesh","Chhindwara",2022,2023,"Rape",907,5371261,"Low","Low","Correct"
"Madhya Pradesh","Chhindwara",2022,2023,"Robbery",708,5371261,"Medium","Low","Incorrect"
"Madhya Pradesh","Chhindwara",2022,2023,"Theft",601,5371261,"Medium","Medium","Correct"
"Madhya Pradesh","Damoh",2022,2023,"Assault",317,5752684,"Low","Low","Correct"
"Madhya Pradesh","Damoh",2022,2023,"Burglary",541,5752684,"Low","Medium","Incorrect"
"Madhya Pradesh","Damoh",2022,2023,"Cybercrime",1118,5752684,"Medium","Low","Incorrect"
"Madhya Pradesh","Damoh",2022,2023,"Dowry Deaths",965,5752684,"Medium","Medium","Correct"
"Madhya Pradesh","Damoh",2022,2023,"Fraud",790,5752684,"Medium","Medium","Correct"
"Madhya Pradesh","Damoh",2022,2023,"Kidnapping",244,5752684,"Medium","Low","Incorrect"
"Madhya Pradesh","Damoh",2022,2023,"Murder",507,5752684,"Medium","Medium","Correct"
"Madhya Pradesh","Damoh",2022,2023,"Rape",139,5752684,"Low","Medium","Incorrect"
"Madhya Pradesh","Damoh",2022,2023,"Robbery",1026,5752684,"Medium","Low","Incorrect"
"Madhya Pradesh","Damoh",2022,2023,"Theft",941,5752684,"Low","Low","Correct"
"Madhya Pradesh","Datia",2022,2023,"Assault",811,3132765,"Medium","Medium","Correct"
"Madhya Pradesh","Datia",2022,2023,"Burglary",867,3132765,"Low","High","Incorrect"
"Madhya Pradesh","Datia",2022,2023,"Cybercrime",1123,3132765,"Medium","High","Incorrect"
"Madhya Pradesh","Datia",2022,2023,"Dowry Deaths",177,3132765,"Medium","Medium","Correct"
"Madhya Pradesh","Datia",2022,2023,"Fraud",1008,3132765,"Low","High","Incorrect"
"Madhya Pradesh","Datia",2022,2023,"Kidnapping",706,3132765,"Medium","Medium","Correct"
"Madhya Pradesh","Datia",2022,2023,"Murder",946,3132765,"High","High","Correct"
"Madhya Pradesh","Datia",2022,2023,"Rape",1192,3132765,"Low","High","Incorrect"
"Madhya Pradesh","Datia",2022,2023,"Robbery",718,3132765,"High","High","Correct"
"Madhya Pradesh","Datia",2022,2023,"Theft",417,3132765,"High","High","Correct"
"Madhya Pradesh","Dewas",2022,2023,"Assault",586,5584783,"Low","Medium","Incorrect"
"Madhya Pradesh","Dewas",2022,2023,"Burglary",365,5584783,"Low","Low","Correct"
"Madhya Pradesh","Dewas",2022,2023,"Cybercrime",1131,5584783,"Medium","Medium","Correct"
"Madhya Pradesh","Dewas",2022,2023,"Dowry Deaths",301,5584783,"Medium","Medium","Correct"
"Madhya Pradesh","Dewas",2022,2023,"Fraud",103,5584783,"Low","Medium","Incorrect"
"Madhya Pradesh","Dewas",2022,2023,"Kidnapping",191,5584783,"Medium","Low","Incorrect"
"Madhya Pradesh","Dewas",2022,2023,"Murder",176,5584783,"Medium","Low","Incorrect"
"Madhya Pradesh","Dewas",2022,2023,"Rape",1158,5584783,"Low","Low","Correct"
"Madhya Pradesh","Dewas",2022,2023,"Robbery",738,5584783,"Medium","Medium","Correct"
"Madhya Pradesh","Dewas",2022,2023,"Theft",220,5584783,"Low","Medium","Incorrect"
"Madhya Pradesh","Gwalior",2022,2023,"Assault",1043,2294770,"High","High","Correct"
"Madhya Pradesh","Gwalior",2022,2023,"Burglary",546,2294770,"High","High","Correct"
"Madhya Pradesh","Gwalior",2022,2023,"Cybercrime",979,2294770,"Low","High","Incorrect"
"Madhya Pradesh","Gwalior",2022,2023,"Dowry Deaths",821,2294770,"High","High","Correct"
"Madhya Pradesh","Gwalior",2022,2023,"Fraud",248,2294770,"High","High","Correct"
"Madhya Pradesh","Gwalior",2022,2023,"Kidnapping",298,2294770,"Medium","High","Incorrect"
"Madhya Pradesh","Gwalior",2022,2023,"Murder",271,2294770,"Medium","High","Incorrect"
"Madhya Pradesh","Gwalior",2022,2023,"Rape",566,2294770,"Low","High","Incorrect"
"Madhya Pradesh","Gwalior",2022,2023,"Robbery",621,2294770,"High","High","Correct"
"Madhya Pradesh","Gwalior",2022,2023,"Theft",657,2294770,"High","High","Correct"
"Madhya Pradesh","Hoshangabad",2022,2023,"Assault",629,4590537,"Medium","Low","Incorrect"
"Madhya Pradesh","Hoshangabad",2022,2023,"Burglary",773,4590537,"High","Low","Incorrect"
"Madhya Pradesh","Hoshangabad",2022,2023,"Cybercrime",714,4590537,"Medium","Low","Incorrect"
"Madhya Pradesh","Hoshangabad",2022,2023,"Dowry Deaths",278,4590537,"Low","Medium","Incorrect"
"Madhya Pradesh","Hoshangabad",2022,2023,"Fraud",358,4590537,"Low","Medium","Incorrect"
"Madhya Pradesh","Hoshangabad",2022,2023,"Kidnapping",1141,4590537,"Low","Medium","Incorrect"
"Madhya Pradesh","Hoshangabad",2022,2023,"Murder",1048,4590537,"Medium","Low","Incorrect"
"Madhya Pradesh","Hoshangabad",2022,2023,"Rape",45,4590537,"Low","Low","Correct"
"Madhya Pradesh","Hoshangabad",2022,2023,"Robbery",513,4590537,"Low","Medium","Incorrect"
"Madhya Pradesh","Hoshangabad",2022,2023,"Theft",745,4590537,"Low","Low","Correct"
"Madhya Pradesh","Indore",2022,2023,"Assault",885,4934247,"Medium","Low","Incorrect"
"Madhya Pradesh","Indore",2022,2023,"Burglary",1000,4934247,"Medium","Medium","Correct"
"Madhya Pradesh","Indore",2022,2023,"Cybercrime",1200,4934247,"High","Low","Incorrect"
"Madhya Pradesh","Indore",2022,2023,"Dowry Deaths",279,4934247,"Low","Medium","Incorrect"
"Madhya Pradesh","Indore",2022,2023,"Fraud",265,4934247,"Medium","Medium","Correct"
"Madhya Pradesh","Indore",2022,2023,"Kidnapping",678,4934247,"Medium","Medium","Correct"
"Madhya Pradesh","Indore",2022,2023,"Murder",708,4934247,"Medium","Medium","Correct"
"Madhya Pradesh","Indore",2022,2023,"Rape",99,4934247,"Medium","Low","Incorrect"
"Madhya Pradesh","Indore",2022,2023,"Robbery",189,4934247,"Low","Low","Correct"
"Madhya Pradesh","Indore",2022,2023,"Theft",643,4934247,"Low","Low","Correct"
"Madhya Pradesh","Jabalpur",2022,2023,"Assault",1169,5000440,"Low","Medium","Incorrect"
"Madhya Pradesh","Jabalpur",2022,2023,"Burglary",434,5000440,"Medium","Low","Incorrect"
"Madhya Pradesh","Jabalpur",2022,2023,"Cybercrime",424,5000440,"Low","Low","Correct"
"Madhya Pradesh","Jabalpur",2022,2023,"Dowry Deaths",825,5000440,"Medium","Medium","Correct"
"Madhya Pradesh","Jabalpur",2022,2023,"Fraud",784,5000440,"Medium","Low","Incorrect"
"Madhya Pradesh","Jabalpur",2022,2023,"Kidnapping",798,5000440,"High","Medium","Incorrect"
"Madhya Pradesh","Jabalpur",2022,2023,"Murder",831,5000440,"High","Low","Incorrect"
"Madhya Pradesh","Jabalpur",2022,2023,"Rape",306,5000440,"Medium","Low","Incorrect"
"Madhya Pradesh","Jabalpur",2022,2023,"Robbery",460,5000440,"High","Low","Incorrect"
"Madhya Pradesh","Jabalpur",2022,2023,"Theft",21,5000440,"Low","Low","Correct"
"Madhya Pradesh","Katni",2022,2023,"Assault",426,5982374,"Medium","Low","Incorrect"
"Madhya Pradesh","Katni",2022,2023,"Burglary",1165,5982374,"Low","Low","Correct"
"Madhya Pradesh","Katni",2022,2023,"Cybercrime",916,5982374,"Low","Low","Correct"
"Madhya Pradesh","Katni",2022,2023,"Dowry Deaths",542,5982374,"Low","Low","Correct"
"Madhya Pradesh","Katni",2022,2023,"Fraud",857,5982374,"Medium","Low","Incorrect"
"Madhya Pradesh","Katni",2022,2023,"Kidnapping",274,5982374,"Low","Low","Correct"
"Madhya Pradesh","Katni",2022,2023,"Murder",878,5982374,"Medium","Medium","Correct"
"Madhya Pradesh","Katni",2022,2023,"Rape",58,5982374,"Low","Medium","Incorrect"
"Madhya Pradesh","Katni",2022,2023,"Robbery",82,5982374,"Low","Low","Correct"
"Madhya Pradesh","Katni",2022,2023,"Theft",711,5982374,"Medium","Low","Incorrect"
"Madhya Pradesh","Khandwa",2022,2023,"Assault",320,2646823,"High","Medium","Incorrect"
"Madhya Pradesh","Khandwa",2022,2023,"Burglary",48,2646823,"High","High","Correct"
"Madhya Pradesh","Khandwa",2022,2023,"Cybercrime",766,2646823,"High","High","Correct"
"Madhya Pradesh","Khandwa",2022,2023,"Dowry Deaths",594,2646823,"High","High","Correct"
"Madhya Pradesh","Khandwa",2022,2023,"Fraud",1168,2646823,"Medium","High","Incorrect"
"Madhya Pradesh","Khandwa",2022,2023,"Kidnapping",438,2646823,"High","High","Correct"
"Madhya Pradesh","Khandwa",2022,2023,"Murder",127,2646823,"Medium","High","Incorrect"
"Madhya Pradesh","Khandwa",2022,2023,"Rape",1064,2646823,"High","High","Correct"
"Madhya Pradesh","Khandwa",2022,2023,"Robbery",162,2646823,"Medium","High","Incorrect"
"Madhya Pradesh","Khandwa",2022,2023,"Theft",446,2646823,"High","High","Correct"
"Madhya Pradesh","Mandsaur",2022,2023,"Assault",177,2333850,"High","High","Correct"
"Madhya Pradesh","Mandsaur",2022,2023,"Burglary",1061,2333850,"High","High","Correct"
"Madhya Pradesh","Mandsaur",2022,2023,"Cybercrime",739,2333850,"Low","High","Incorrect"
"Madhya Pradesh","Mandsaur",2022,2023,"Dowry Deaths",907,2333850,"Low","High","Incorrect"
"Madhya Pradesh","Mandsaur",2022,2023,"Fraud",1190,2333850,"High","High","Correct"
"Madhya Pradesh","Mandsaur",2022,2023,"Kidnapping",295,2333850,"Low","High","Incorrect"
"Madhya Pradesh","Mandsaur",2022,2023,"Murder",282,2333850,"High","High","Correct"
"Madhya Pradesh","Mandsaur",2022,2023,"Rape",258,2333850,"Medium","High","Incorrect"
"Madhya Pradesh","Mandsaur",2022,2023,"Robbery",499,2333850,"Medium","High","Incorrect"
"Madhya Pradesh","Mandsaur",2022,2023,"Theft",1122,2333850,"Medium","High","Incorrect"
"Madhya Pradesh","Morena",2022,2023,"Assault",631,1282574,"High","High","Correct"
"Madhya Pradesh","Morena",2022,2023,"Burglary",896,1282574,"Medium","High","Incorrect"
"Madhya Pradesh","Morena",2022,2023,"Cybercrime",500,1282574,"High","High","Correct"
"Madhya Pradesh","Morena",2022,2023,"Dowry Deaths",424,1282574,"High","High","Correct"
"Madhya Pradesh","Morena",2022,2023,"Fraud",817,1282574,"High","High","Correct"
"Madhya Pradesh","Morena",2022,2023,"Kidnapping",869,1282574,"High","High","Correct"
"Madhya Pradesh","Morena",2022,2023,"Murder",951,1282574,"High","High","Correct"
"Madhya Pradesh","Morena",2022,2023,"Rape",1025,1282574,"High","High","Correct"
"Madhya Pradesh","Morena",2022,2023,"Robbery",635,1282574,"High","High","Correct"
"Madhya Pradesh","Morena",2022,2023,"Theft",686,1282574,"Medium","High","Incorrect"
"Madhya Pradesh","Neemuch",2022,2023,"Assault",905,5419850,"Low","Medium","Incorrect"
"Madhya Pradesh","Neemuch",2022,2023,"Burglary",281,5419850,"Low","Medium","Incorrect"
"Madhya Pradesh","Neemuch",2022,2023,"Cybercrime",45,5419850,"Low","Medium","Incorrect"
"Madhya Pradesh","Neemuch",2022,2023,"Dowry Deaths",1044,5419850,"Medium","Medium","Correct"
"Madhya Pradesh","Neemuch",2022,2023,"Fraud",204,5419850,"Low","Low","Correct"
"Madhya Pradesh","Neemuch",2022,2023,"Kidnapping",241,5419850,"Low","Low","Correct"
"Madhya Pradesh","Neemuch",2022,2023,"Murder",248,5419850,"Low","Medium","Incorrect"
"Madhya Pradesh","Neemuch",2022,2023,"Rape",152,5419850,"Medium","Low","Incorrect"
"Madhya Pradesh","Neemuch",2022,2023,"Robbery",1162,5419850,"Medium","Low","Incorrect"
"Madhya Pradesh","Neemuch",2022,2023,"Theft",656,5419850,"Medium","Low","Incorrect"
"Madhya Pradesh","Ratlam",2022,2023,"Assault",415,6212362,"Low","Low","Correct"
"Madhya Pradesh","Ratlam",2022,2023,"Burglary",380,6212362,"Medium","Low","Incorrect"
"Madhya Pradesh","Ratlam",2022,2023,"Cybercrime",998,6212362,"Medium","Low","Incorrect"
"Madhya Pradesh","Ratlam",2022,2023,"Dowry Deaths",323,6212362,"Medium","Low","Incorrect"
"Madhya Pradesh","Ratlam",2022,2023,"Fraud",556,6212362,"Medium","Medium","Correct"
"Madhya Pradesh","Ratlam",2022,2023,"Kidnapping",595,6212362,"Low","Low","Correct"
"Madhya Pradesh","Ratlam",2022,2023,"Murder",1136,6212362,"Low","Low","Correct"
"Madhya Pradesh","Ratlam",2022,2023,"Rape",52,6212362,"Low","Low","Correct"
"Madhya Pradesh","Ratlam",2022,2023,"Robbery",600,6212362,"Medium","Low","Incorrect"
"Madhya Pradesh","Ratlam",2022,2023,"Theft",761,6212362,"Low","Medium","Incorrect"
"Madhya Pradesh","Rewa",2022,2023,"Assault",611,2000029,"High","High","Correct"
"Madhya Pradesh","Rewa",2022,2023,"Burglary",189,2000029,"Medium","High","Incorrect"
"Madhya Pradesh","Rewa",2022,2023,"Cybercrime",723,2000029,"High","High","Correct"
"Madhya Pradesh","Rewa",2022,2023,"Dowry Deaths",829,2000029,"High","High","Correct"
"Madhya Pradesh","Rewa",2022,2023,"Fraud",550,2000029,"Medium","High","Incorrect"
"Madhya Pradesh","Rewa",2022,2023,"Kidnapping",592,2000029,"Low","High","Incorrect"
"Madhya Pradesh","Rewa",2022,2023,"Murder",504,2000029,"High","High","Correct"
"Madhya Pradesh","Rewa",2022,2023,"Rape",825,2000029,"High","High","Correct"
"Madhya Pradesh","Rewa",2022,2023,"Robbery",221,2000029,"Medium","High","Incorrect"
"Madhya Pradesh","Rewa",2022,2023,"Theft",408,2000029,"High","High","Correct"
"Madhya Pradesh","Sagar",2022,2023,"Assault",648,4186441,"Medium","Low","Incorrect"
"Madhya Pradesh","Sagar",2022,2023,"Burglary",548,4186441,"Low","Low","Correct"
"Madhya Pradesh","Sagar",2022,2023,"Cybercrime",1087,4186441,"Medium","Low","Incorrect"
"Madhya Pradesh","Sagar",2022,2023,"Dowry Deaths",633,4186441,"Low","Medium","Incorrect"
"Madhya Pradesh","Sagar",2022,2023,"Fraud",623,4186441,"Low","Low","Correct"
"Madhya Pradesh","Sagar",2022,2023,"Kidnapping",1164,4186441,"Medium","High","Incorrect"
"Madhya Pradesh","Sagar",2022,2023,"Murder",411,4186441,"Low","Low","Correct"
"Madhya Pradesh","Sagar",2022,2023,"Rape",256,4186441,"Low","Medium","Incorrect"
"Madhya Pradesh","Sagar",2022,2023,"Robbery",1154,4186441,"High","High","Correct"
"Madhya Pradesh","Sagar",2022,2023,"Theft",153,4186441,"Low","Low","Correct"
"Madhya Pradesh","Satna",2022,2023,"Assault",248,2205280,"Medium","High","Incorrect"
"Madhya Pradesh","Satna",2022,2023,"Burglary",934,2205280,"High","High","Correct"
"Madhya Pradesh","Satna",2022,2023,"Cybercrime",806,2205280,"Low","High","Incorrect"
"Madhya Pradesh","Satna",2022,2023,"Dowry Deaths",1131,2205280,"Medium","High","Incorrect"
"Madhya Pradesh","Satna",2022,2023,"Fraud",792,2205280,"Medium","High","Incorrect"
"Madhya Pradesh","Satna",2022,2023,"Kidnapping",515,2205280,"High","High","Correct"
"Madhya Pradesh","Satna",2022,2023,"Murder",698,2205280,"Medium","High","Incorrect"
"Madhya Pradesh","Satna",2022,2023,"Rape",238,2205280,"Medium","High","Incorrect"
"Madhya Pradesh","Satna",2022,2023,"Robbery",276,2205280,"High","High","Correct"
"Madhya Pradesh","Satna",2022,2023,"Theft",503,2205280,"High","High","Correct"
"Madhya Pradesh","Sehore",2022,2023,"Assault",485,6088532,"Low","Low","Correct"
"Madhya Pradesh","Sehore",2022,2023,"Burglary",282,6088532,"Low","Medium","Incorrect"
"Madhya Pradesh","Sehore",2022,2023,"Cybercrime",509,6088532,"Low","Medium","Incorrect"
"Madhya Pradesh","Sehore",2022,2023,"Dowry Deaths",356,6088532,"Low","Medium","Incorrect"
"Madhya Pradesh","Sehore",2022,2023,"Fraud",657,6088532,"Medium","Low","Incorrect"
"Madhya Pradesh","Sehore",2022,2023,"Kidnapping",994,6088532,"Low","Medium","Incorrect"
"Madhya Pradesh","Sehore",2022,2023,"Murder",813,6088532,"Low","Medium","Incorrect"
"Madhya Pradesh","Sehore",2022,2023,"Rape",783,6088532,"Low","Low","Correct"
"Madhya Pradesh","Sehore",2022,2023,"Robbery",81,6088532,"Medium","Low","Incorrect"
"Madhya Pradesh","Sehore",2022,2023,"Theft",367,6088532,"Medium","Low","Incorrect"
"Madhya Pradesh","Shivpuri",2022,2023,"Assault",1049,1961654,"Low","High","Incorrect"
"Madhya Pradesh","Shivpuri",2022,2023,"Burglary",942,1961654,"High","High","Correct"
"Madhya Pradesh","Shivpuri",2022,2023,"Cybercrime",535,1961654,"High","High","Correct"
"Madhya Pradesh","Shivpuri",2022,2023,"Dowry Deaths",758,1961654,"High","High","Correct"
"Madhya Pradesh","Shivpuri",2022,2023,"Fraud",1013,1961654,"High","High","Correct"
"Madhya Pradesh","Shivpuri",2022,2023,"Kidnapping",264,1961654,"High","High","Correct"
"Madhya Pradesh","Shivpuri",2022,2023,"Murder",421,1961654,"High","High","Correct"
"Madhya Pradesh","Shivpuri",2022,2023,"Rape",411,1961654,"High","High","Correct"
"Madhya Pradesh","Shivpuri",2022,2023,"Robbery",183,1961654,"High","High","Correct"
"Madhya Pradesh","Shivpuri",2022,2023,"Theft",386,1961654,"High","High","Correct"
"Madhya Pradesh","Singrauli",2022,2023,"Assault",269,6305626,"Low","Medium","Incorrect"
"Madhya Pradesh","Singrauli",2022,2023,"Burglary",493,6305626,"Low","Low","Correct"
"Madhya Pradesh","Singrauli",2022,2023,"Cybercrime",632,6305626,"Low","Medium","Incorrect"
"Madhya Pradesh","Singrauli",2022,2023,"Dowry Deaths",396,6305626,"Low","Low","Correct"
"Madhya Pradesh","Singrauli",2022,2023,"Fraud",365,6305626,"Low","Medium","Incorrect"
"Madhya Pradesh","Singrauli",2022,2023,"Kidnapping",588,6305626,"Medium","Low","Incorrect"
"Madhya Pradesh","Singrauli",2022,2023,"Murder",493,6305626,"Low","Medium","Incorrect"
"Madhya Pradesh","Singrauli",2022,2023,"Rape",1007,6305626,"Medium","Low","Incorrect"
"Madhya Pradesh","Singrauli",2022,2023,"Robbery",836,6305626,"Medium","Medium","Correct"
"Madhya Pradesh","Singrauli",2022,2023,"Theft",1063,6305626,"Low","Low","Correct"
"Madhya Pradesh","Ujjain",2022,2023,"Assault",837,3773340,"Medium","High","Incorrect"
"Madhya Pradesh","Ujjain",2022,2023,"Burglary",528,3773340,"High","Medium","Incorrect"
"Madhya Pradesh","Ujjain",2022,2023,"Cybercrime",1162,3773340,"Medium","Low","Incorrect"
"Madhya Pradesh","Ujjain",2022,2023,"Dowry Deaths",311,3773340,"Low","Medium","Incorrect"
"Madhya Pradesh","Ujjain",2022,2023,"Fraud",1009,3773340,"Low","Low","Correct"
"Madhya Pradesh","Ujjain",2022,2023,"Kidnapping",315,3773340,"High","High","Correct"
"Madhya Pradesh","Ujjain",2022,2023,"Murder",197,3773340,"High","Medium","Incorrect"
"Madhya Pradesh","Ujjain",2022,2023,"Rape",417,3773340,"High","High","Correct"
"Madhya Pradesh","Ujjain",2022,2023,"Robbery",71,3773340,"High","Medium","Incorrect"
"Madhya Pradesh","Ujjain",2022,2023,"Theft",650,3773340,"High","Low","Incorrect"
"Madhya Pradesh","Vidisha",2022,2023,"Assault",945,6060776,"Medium","Medium","Correct"
"Madhya Pradesh","Vidisha",2022,2023,"Burglary",571,6060776,"Low","Low","Correct"
"Madhya Pradesh","Vidisha",2022,2023,"Cybercrime",337,6060776,"Low","Medium","Incorrect"
"Madhya Pradesh","Vidisha",2022,2023,"Dowry Deaths",832,6060776,"Medium","Low","Incorrect"
"Madhya Pradesh","Vidisha",2022,2023,"Fraud",786,6060776,"Low","Medium","Incorrect"
"Madhya Pradesh","Vidisha",2022,2023,"Kidnapping",143,6060776,"Medium","Medium","Correct"
"Madhya Pradesh","Vidisha",2022,2023,"Murder",84,6060776,"Low","Low","Correct"
"Madhya Pradesh","Vidisha",2022,2023,"Rape",302,6060776,"Low","Low","Correct"
"Madhya Pradesh","Vidisha",2022,2023,"Robbery",722,6060776,"Medium","Medium","Correct"
"Madhya Pradesh","Vidisha",2022,2023,"Theft",1051,6060776,"Low","Medium","Incorrect"
"Maharashtra","Ahmednagar",2022,2023,"Assault",538,5690072,"Medium","Medium","Correct"
"Maharashtra","Ahmednagar",2022,2023,"Burglary",828,5690072,"Low","Medium","Incorrect"
"Maharashtra","Ahmednagar",2022,2023,"Cybercrime",290,5690072,"Low","Medium","Incorrect"
"Maharashtra","Ahmednagar",2022,2023,"Dowry Deaths",116,5690072,"Medium","Medium","Correct"
"Maharashtra","Ahmednagar",2022,2023,"Fraud",1095,5690072,"Low","Low","Correct"
"Maharashtra","Ahmednagar",2022,2023,"Kidnapping",348,5690072,"Medium","Low","Incorrect"
"Maharashtra","Ahmednagar",2022,2023,"Murder",948,5690072,"Medium","Low","Incorrect"
"Maharashtra","Ahmednagar",2022,2023,"Rape",1108,5690072,"Medium","Medium","Correct"
"Maharashtra","Ahmednagar",2022,2023,"Robbery",153,5690072,"Low","Medium","Incorrect"
"Maharashtra","Ahmednagar",2022,2023,"Theft",161,5690072,"Medium","Medium","Correct"
"Maharashtra","Akola",2022,2023,"Assault",122,4911231,"Low","Low","Correct"
"Maharashtra","Akola",2022,2023,"Burglary",808,4911231,"Medium","Medium","Correct"
"Maharashtra","Akola",2022,2023,"Cybercrime",193,4911231,"High","Medium","Incorrect"
"Maharashtra","Akola",2022,2023,"Dowry Deaths",1073,4911231,"Low","Medium","Incorrect"
"Maharashtra","Akola",2022,2023,"Fraud",872,4911231,"Low","Low","Correct"
"Maharashtra","Akola",2022,2023,"Kidnapping",1102,4911231,"Medium","Low","Incorrect"
"Maharashtra","Akola",2022,2023,"Murder",1049,4911231,"Medium","Low","Incorrect"
"Maharashtra","Akola",2022,2023,"Rape",94,4911231,"Medium","Low","Incorrect"
"Maharashtra","Akola",2022,2023,"Robbery",774,4911231,"Low","Medium","Incorrect"
"Maharashtra","Akola",2022,2023,"Theft",583,4911231,"Medium","Medium","Correct"
"Maharashtra","Amravati",2022,2023,"Assault",1019,5230272,"Medium","Low","Incorrect"
"Maharashtra","Amravati",2022,2023,"Burglary",793,5230272,"Medium","Medium","Correct"
"Maharashtra","Amravati",2022,2023,"Cybercrime",506,5230272,"Low","Low","Correct"
"Maharashtra","Amravati",2022,2023,"Dowry Deaths",251,5230272,"Medium","Medium","Correct"
"Maharashtra","Amravati",2022,2023,"Fraud",977,5230272,"Low","Low","Correct"
"Maharashtra","Amravati",2022,2023,"Kidnapping",1099,5230272,"Low","Low","Correct"
"Maharashtra","Amravati",2022,2023,"Murder",767,5230272,"Medium","Medium","Correct"
"Maharashtra","Amravati",2022,2023,"Rape",364,5230272,"Low","Medium","Incorrect"
"Maharashtra","Amravati",2022,2023,"Robbery",910,5230272,"Low","Low","Correct"
"Maharashtra","Amravati",2022,2023,"Theft",197,5230272,"Low","Medium","Incorrect"
"Maharashtra","Aurangabad",2022,2023,"Assault",51,998610,"High","High","Correct"
"Maharashtra","Aurangabad",2022,2023,"Burglary",328,998610,"High","High","Correct"
"Maharashtra","Aurangabad",2022,2023,"Cybercrime",626,998610,"High","High","Correct"
"Maharashtra","Aurangabad",2022,2023,"Dowry Deaths",468,998610,"High","High","Correct"
"Maharashtra","Aurangabad",2022,2023,"Fraud",1018,998610,"High","High","Correct"
"Maharashtra","Aurangabad",2022,2023,"Kidnapping",289,998610,"Medium","High","Incorrect"
"Maharashtra","Aurangabad",2022,2023,"Murder",685,998610,"High","High","Correct"
"Maharashtra","Aurangabad",2022,2023,"Rape",881,998610,"Medium","High","Incorrect"
"Maharashtra","Aurangabad",2022,2023,"Robbery",479,998610,"High","High","Correct"
"Maharashtra","Aurangabad",2022,2023,"Theft",207,998610,"Low","High","Incorrect"
"Maharashtra","Beed",2022,2023,"Assault",334,4453477,"Medium","Medium","Correct"
"Maharashtra","Beed",2022,2023,"Burglary",677,4453477,"Medium","Medium","Correct"
"Maharashtra","Beed",2022,2023,"Cybercrime",247,4453477,"Low","Medium","Incorrect"
"Maharashtra","Beed",2022,2023,"Dowry Deaths",1073,4453477,"Medium","Medium","Correct"
"Maharashtra","Beed",2022,2023,"Fraud",102,4453477,"Medium","Medium","Correct"
"Maharashtra","Beed",2022,2023,"Kidnapping",648,4453477,"High","Low","Incorrect"
"Maharashtra","Beed",2022,2023,"Murder",590,4453477,"Low","Low","Correct"
"Maharashtra","Beed",2022,2023,"Rape",141,4453477,"Low","Low","Correct"
"Maharashtra","Beed",2022,2023,"Robbery",487,4453477,"High","Medium","Incorrect"
"Maharashtra","Beed",2022,2023,"Theft",1093,4453477,"Medium","Low","Incorrect"
"Maharashtra","Buldhana",2022,2023,"Assault",132,4314685,"Medium","Medium","Correct"
"Maharashtra","Buldhana",2022,2023,"Burglary",912,4314685,"High","Low","Incorrect"
"Maharashtra","Buldhana",2022,2023,"Cybercrime",700,4314685,"Medium","Medium","Correct"
"Maharashtra","Buldhana",2022,2023,"Dowry Deaths",851,4314685,"Low","Low","Correct"
"Maharashtra","Buldhana",2022,2023,"Fraud",987,4314685,"Medium","Low","Incorrect"
"Maharashtra","Buldhana",2022,2023,"Kidnapping",1143,4314685,"Low","Medium","Incorrect"
"Maharashtra","Buldhana",2022,2023,"Murder",1090,4314685,"Medium","Medium","Correct"
"Maharashtra","Buldhana",2022,2023,"Rape",790,4314685,"Medium","Medium","Correct"
"Maharashtra","Buldhana",2022,2023,"Robbery",247,4314685,"Low","Low","Correct"
"Maharashtra","Buldhana",2022,2023,"Theft",311,4314685,"Medium","Medium","Correct"
"Maharashtra","Chandrapur",2022,2023,"Assault",1172,4072014,"High","Medium","Incorrect"
"Maharashtra","Chandrapur",2022,2023,"Burglary",281,4072014,"High","Low","Incorrect"
"Maharashtra","Chandrapur",2022,2023,"Cybercrime",359,4072014,"High","Medium","Incorrect"
"Maharashtra","Chandrapur",2022,2023,"Dowry Deaths",604,4072014,"Low","Low","Correct"
"Maharashtra","Chandrapur",2022,2023,"Fraud",628,4072014,"Low","Medium","Incorrect"
"Maharashtra","Chandrapur",2022,2023,"Kidnapping",987,4072014,"Low","Low","Correct"
"Maharashtra","Chandrapur",2022,2023,"Murder",350,4072014,"Low","Low","Correct"
"Maharashtra","Chandrapur",2022,2023,"Rape",1019,4072014,"Medium","Medium","Correct"
"Maharashtra","Chandrapur",2022,2023,"Robbery",854,4072014,"Medium","High","Incorrect"
"Maharashtra","Chandrapur",2022,2023,"Theft",219,4072014,"Low","Low","Correct"
"Maharashtra","Dhule",2022,2023,"Assault",1063,4187986,"High","Low","Incorrect"
"Maharashtra","Dhule",2022,2023,"Burglary",1033,4187986,"Low","Low","Correct"
"Maharashtra","Dhule",2022,2023,"Cybercrime",709,4187986,"Low","Low","Correct"
"Maharashtra","Dhule",2022,2023,"Dowry Deaths",742,4187986,"Medium","Medium","Correct"
"Maharashtra","Dhule",2022,2023,"Fraud",998,4187986,"Medium","Low","Incorrect"
"Maharashtra","Dhule",2022,2023,"Kidnapping",434,4187986,"Low","Low","Correct"
"Maharashtra","Dhule",2022,2023,"Murder",31,4187986,"High","Medium","Incorrect"
"Maharashtra","Dhule",2022,2023,"Rape",357,4187986,"High","Medium","Incorrect"
"Maharashtra","Dhule",2022,2023,"Robbery",1011,4187986,"High","Medium","Incorrect"
"Maharashtra","Dhule",2022,2023,"Theft",1116,4187986,"Medium","Medium","Correct"
"Maharashtra","Jalgaon",2022,2023,"Assault",638,3983482,"Low","Medium","Incorrect"
"Maharashtra","Jalgaon",2022,2023,"Burglary",798,3983482,"Low","Medium","Incorrect"
"Maharashtra","Jalgaon",2022,2023,"Cybercrime",864,3983482,"Low","Low","Correct"
"Maharashtra","Jalgaon",2022,2023,"Dowry Deaths",1056,3983482,"Low","Medium","Incorrect"
"Maharashtra","Jalgaon",2022,2023,"Fraud",554,3983482,"Medium","Medium","Correct"
"Maharashtra","Jalgaon",2022,2023,"Kidnapping",651,3983482,"High","Low","Incorrect"
"Maharashtra","Jalgaon",2022,2023,"Murder",209,3983482,"Low","High","Incorrect"
"Maharashtra","Jalgaon",2022,2023,"Rape",498,3983482,"Low","High","Incorrect"
"Maharashtra","Jalgaon",2022,2023,"Robbery",689,3983482,"Low","Medium","Incorrect"
"Maharashtra","Jalgaon",2022,2023,"Theft",486,3983482,"Medium","Medium","Correct"
"Maharashtra","Kolhapur",2022,2023,"Assault",693,4677749,"Low","Low","Correct"
"Maharashtra","Kolhapur",2022,2023,"Burglary",238,4677749,"High","Medium","Incorrect"
"Maharashtra","Kolhapur",2022,2023,"Cybercrime",137,4677749,"Low","Medium","Incorrect"
"Maharashtra","Kolhapur",2022,2023,"Dowry Deaths",126,4677749,"Medium","Low","Incorrect"
"Maharashtra","Kolhapur",2022,2023,"Fraud",438,4677749,"High","Low","Incorrect"
"Maharashtra","Kolhapur",2022,2023,"Kidnapping",132,4677749,"Medium","Low","Incorrect"
"Maharashtra","Kolhapur",2022,2023,"Murder",76,4677749,"Low","Medium","Incorrect"
"Maharashtra","Kolhapur",2022,2023,"Rape",443,4677749,"Medium","Low","Incorrect"
"Maharashtra","Kolhapur",2022,2023,"Robbery",431,4677749,"Medium","Medium","Correct"
"Maharashtra","Kolhapur",2022,2023,"Theft",765,4677749,"Medium","Low","Incorrect"
"Maharashtra","Latur",2022,2023,"Assault",549,2271380,"Medium","High","Incorrect"
"Maharashtra","Latur",2022,2023,"Burglary",585,2271380,"High","High","Correct"
"Maharashtra","Latur",2022,2023,"Cybercrime",864,2271380,"High","High","Correct"
"Maharashtra","Latur",2022,2023,"Dowry Deaths",231,2271380,"Low","High","Incorrect"
"Maharashtra","Latur",2022,2023,"Fraud",1184,2271380,"High","High","Correct"
"Maharashtra","Latur",2022,2023,"Kidnapping",1139,2271380,"Medium","High","Incorrect"
"Maharashtra","Latur",2022,2023,"Murder",630,2271380,"High","High","Correct"
"Maharashtra","Latur",2022,2023,"Rape",1141,2271380,"High","High","Correct"
"Maharashtra","Latur",2022,2023,"Robbery",40,2271380,"High","High","Correct"
"Maharashtra","Latur",2022,2023,"Theft",502,2271380,"High","High","Correct"
"Maharashtra","Mumbai",2022,2023,"Assault",933,2087357,"Medium","High","Incorrect"
"Maharashtra","Mumbai",2022,2023,"Burglary",378,2087357,"Low","High","Incorrect"
"Maharashtra","Mumbai",2022,2023,"Cybercrime",40,2087357,"Low","High","Incorrect"
"Maharashtra","Mumbai",2022,2023,"Dowry Deaths",1069,2087357,"High","High","Correct"
"Maharashtra","Mumbai",2022,2023,"Fraud",579,2087357,"High","High","Correct"
"Maharashtra","Mumbai",2022,2023,"Kidnapping",484,2087357,"High","High","Correct"
"Maharashtra","Mumbai",2022,2023,"Murder",653,2087357,"Low","High","Incorrect"
"Maharashtra","Mumbai",2022,2023,"Rape",773,2087357,"High","High","Correct"
"Maharashtra","Mumbai",2022,2023,"Robbery",151,2087357,"High","High","Correct"
"Maharashtra","Mumbai",2022,2023,"Theft",304,2087357,"Medium","High","Incorrect"
"Maharashtra","Nagpur",2022,2023,"Assault",948,1813809,"High","High","Correct"
"Maharashtra","Nagpur",2022,2023,"Burglary",188,1813809,"High","High","Correct"
"Maharashtra","Nagpur",2022,2023,"Cybercrime",1085,1813809,"High","High","Correct"
"Maharashtra","Nagpur",2022,2023,"Dowry Deaths",1071,1813809,"High","High","Correct"
"Maharashtra","Nagpur",2022,2023,"Fraud",686,1813809,"High","High","Correct"
"Maharashtra","Nagpur",2022,2023,"Kidnapping",855,1813809,"High","High","Correct"
"Maharashtra","Nagpur",2022,2023,"Murder",22,1813809,"High","High","Correct"
"Maharashtra","Nagpur",2022,2023,"Rape",166,1813809,"High","High","Correct"
"Maharashtra","Nagpur",2022,2023,"Robbery",379,1813809,"High","High","Correct"
"Maharashtra","Nagpur",2022,2023,"Theft",768,1813809,"High","High","Correct"
"Maharashtra","Nanded",2022,2023,"Assault",390,1255685,"Medium","High","Incorrect"
"Maharashtra","Nanded",2022,2023,"Burglary",714,1255685,"Low","High","Incorrect"
"Maharashtra","Nanded",2022,2023,"Cybercrime",125,1255685,"High","High","Correct"
"Maharashtra","Nanded",2022,2023,"Dowry Deaths",956,1255685,"High","High","Correct"
"Maharashtra","Nanded",2022,2023,"Fraud",562,1255685,"Low","High","Incorrect"
"Maharashtra","Nanded",2022,2023,"Kidnapping",545,1255685,"High","High","Correct"
"Maharashtra","Nanded",2022,2023,"Murder",547,1255685,"High","High","Correct"
"Maharashtra","Nanded",2022,2023,"Rape",914,1255685,"Medium","High","Incorrect"
"Maharashtra","Nanded",2022,2023,"Robbery",568,1255685,"Low","High","Incorrect"
"Maharashtra","Nanded",2022,2023,"Theft",1048,1255685,"High","High","Correct"
"Maharashtra","Nashik",2022,2023,"Assault",791,5959279,"Low","Medium","Incorrect"
"Maharashtra","Nashik",2022,2023,"Burglary",1036,5959279,"Low","Low","Correct"
"Maharashtra","Nashik",2022,2023,"Cybercrime",738,5959279,"Low","Low","Correct"
"Maharashtra","Nashik",2022,2023,"Dowry Deaths",79,5959279,"Medium","Medium","Correct"
"Maharashtra","Nashik",2022,2023,"Fraud",147,5959279,"Medium","Low","Incorrect"
"Maharashtra","Nashik",2022,2023,"Kidnapping",1193,5959279,"Low","Medium","Incorrect"
"Maharashtra","Nashik",2022,2023,"Murder",737,5959279,"Medium","Low","Incorrect"
"Maharashtra","Nashik",2022,2023,"Rape",668,5959279,"Medium","Medium","Correct"
"Maharashtra","Nashik",2022,2023,"Robbery",483,5959279,"Low","Low","Correct"
"Maharashtra","Nashik",2022,2023,"Theft",40,5959279,"Medium","Low","Incorrect"
"Maharashtra","Osmanabad",2022,2023,"Assault",93,4915094,"High","Low","Incorrect"
"Maharashtra","Osmanabad",2022,2023,"Burglary",943,4915094,"Medium","Medium","Correct"
"Maharashtra","Osmanabad",2022,2023,"Cybercrime",308,4915094,"High","Medium","Incorrect"
"Maharashtra","Osmanabad",2022,2023,"Dowry Deaths",329,4915094,"High","Medium","Incorrect"
"Maharashtra","Osmanabad",2022,2023,"Fraud",962,4915094,"High","Low","Incorrect"
"Maharashtra","Osmanabad",2022,2023,"Kidnapping",838,4915094,"Medium","Medium","Correct"
"Maharashtra","Osmanabad",2022,2023,"Murder",960,4915094,"Medium","Low","Incorrect"
"Maharashtra","Osmanabad",2022,2023,"Rape",199,4915094,"Low","Low","Correct"
"Maharashtra","Osmanabad",2022,2023,"Robbery",79,4915094,"Medium","Low","Incorrect"
"Maharashtra","Osmanabad",2022,2023,"Theft",696,4915094,"Low","Medium","Incorrect"
"Maharashtra","Palghar",2022,2023,"Assault",273,4208549,"Medium","Low","Incorrect"
"Maharashtra","Palghar",2022,2023,"Burglary",51,4208549,"Low","Low","Correct"
"Maharashtra","Palghar",2022,2023,"Cybercrime",310,4208549,"Low","Medium","Incorrect"
"Maharashtra","Palghar",2022,2023,"Dowry Deaths",330,4208549,"Low","Low","Correct"
"Maharashtra","Palghar",2022,2023,"Fraud",934,4208549,"Medium","Low","Incorrect"
"Maharashtra","Palghar",2022,2023,"Kidnapping",488,4208549,"Low","High","Incorrect"
"Maharashtra","Palghar",2022,2023,"Murder",886,4208549,"Medium","Low","Incorrect"
"Maharashtra","Palghar",2022,2023,"Rape",390,4208549,"High","Low","Incorrect"
"Maharashtra","Palghar",2022,2023,"Robbery",722,4208549,"Medium","Low","Incorrect"
"Maharashtra","Palghar",2022,2023,"Theft",80,4208549,"Low","High","Incorrect"
"Maharashtra","Parbhani",2022,2023,"Assault",101,2340935,"High","High","Correct"
"Maharashtra","Parbhani",2022,2023,"Burglary",736,2340935,"High","High","Correct"
"Maharashtra","Parbhani",2022,2023,"Cybercrime",821,2340935,"High","High","Correct"
"Maharashtra","Parbhani",2022,2023,"Dowry Deaths",38,2340935,"High","Medium","Incorrect"
"Maharashtra","Parbhani",2022,2023,"Fraud",186,2340935,"Low","High","Incorrect"
"Maharashtra","Parbhani",2022,2023,"Kidnapping",112,2340935,"High","High","Correct"
"Maharashtra","Parbhani",2022,2023,"Murder",1143,2340935,"Low","High","Incorrect"
"Maharashtra","Parbhani",2022,2023,"Rape",355,2340935,"High","High","Correct"
"Maharashtra","Parbhani",2022,2023,"Robbery",134,2340935,"Low","High","Incorrect"
"Maharashtra","Parbhani",2022,2023,"Theft",527,2340935,"High","High","Correct"
"Maharashtra","Pune",2022,2023,"Assault",868,6047634,"Low","Low","Correct"
"Maharashtra","Pune",2022,2023,"Burglary",1120,6047634,"Low","Medium","Incorrect"
"Maharashtra","Pune",2022,2023,"Cybercrime",1098,6047634,"Medium","Low","Incorrect"
"Maharashtra","Pune",2022,2023,"Dowry Deaths",423,6047634,"Low","Low","Correct"
"Maharashtra","Pune",2022,2023,"Fraud",494,6047634,"Low","Low","Correct"
"Maharashtra","Pune",2022,2023,"Kidnapping",310,6047634,"Medium","Low","Incorrect"
"Maharashtra","Pune",2022,2023,"Murder",786,6047634,"Low","Medium","Incorrect"
"Maharashtra","Pune",2022,2023,"Rape",453,6047634,"Medium","Low","Incorrect"
"Maharashtra","Pune",2022,2023,"Robbery",143,6047634,"Medium","Medium","Correct"
"Maharashtra","Pune",2022,2023,"Theft",878,6047634,"Low","Medium","Incorrect"
"Maharashtra","Ratnagiri",2022,2023,"Assault",882,3051472,"High","Medium","Incorrect"
"Maharashtra","Ratnagiri",2022,2023,"Burglary",1063,3051472,"High","High","Correct"
"Maharashtra","Ratnagiri",2022,2023,"Cybercrime",774,3051472,"Low","High","Incorrect"
"Maharashtra","Ratnagiri",2022,2023,"Dowry Deaths",537,3051472,"High","High","Correct"
"Maharashtra","Ratnagiri",2022,2023,"Fraud",856,3051472,"Low","High","Incorrect"
"Maharashtra","Ratnagiri",2022,2023,"Kidnapping",714,3051472,"High","High","Correct"
"Maharashtra","Ratnagiri",2022,2023,"Murder",956,3051472,"Medium","High","Incorrect"
"Maharashtra","Ratnagiri",2022,2023,"Rape",899,3051472,"Medium","High","Incorrect"
"Maharashtra","Ratnagiri",2022,2023,"Robbery",1052,3051472,"Medium","High","Incorrect"
"Maharashtra","Ratnagiri",2022,2023,"Theft",400,3051472,"High","High","Correct"
"Maharashtra","Sangli",2022,2023,"Assault",825,946144,"High","High","Correct"
"Maharashtra","Sangli",2022,2023,"Burglary",630,946144,"High","High","Correct"
"Maharashtra","Sangli",2022,2023,"Cybercrime",1007,946144,"High","High","Correct"
"Maharashtra","Sangli",2022,2023,"Dowry Deaths",453,946144,"High","High","Correct"
"Maharashtra","Sangli",2022,2023,"Fraud",433,946144,"Low","High","Incorrect"
"Maharashtra","Sangli",2022,2023,"Kidnapping",688,946144,"High","High","Correct"
"Maharashtra","Sangli",2022,2023,"Murder",446,946144,"High","High","Correct"
"Maharashtra","Sangli",2022,2023,"Rape",1076,946144,"High","High","Correct"
"Maharashtra","Sangli",2022,2023,"Robbery",740,946144,"High","High","Correct"
"Maharashtra","Sangli",2022,2023,"Theft",486,946144,"High","High","Correct"
"Maharashtra","Satara",2022,2023,"Assault",1150,2187899,"High","High","Correct"
"Maharashtra","Satara",2022,2023,"Burglary",814,2187899,"High","High","Correct"
"Maharashtra","Satara",2022,2023,"Cybercrime",267,2187899,"High","Medium","Incorrect"
"Maharashtra","Satara",2022,2023,"Dowry Deaths",54,2187899,"Medium","High","Incorrect"
"Maharashtra","Satara",2022,2023,"Fraud",702,2187899,"High","High","Correct"
"Maharashtra","Satara",2022,2023,"Kidnapping",1195,2187899,"High","High","Correct"
"Maharashtra","Satara",2022,2023,"Murder",121,2187899,"High","High","Correct"
"Maharashtra","Satara",2022,2023,"Rape",173,2187899,"High","High","Correct"
"Maharashtra","Satara",2022,2023,"Robbery",1175,2187899,"High","High","Correct"
"Maharashtra","Satara",2022,2023,"Theft",684,2187899,"High","High","Correct"
"Maharashtra","Solapur",2022,2023,"Assault",1149,5720707,"Low","Low","Correct"
"Maharashtra","Solapur",2022,2023,"Burglary",577,5720707,"Medium","Medium","Correct"
"Maharashtra","Solapur",2022,2023,"Cybercrime",1143,5720707,"Low","Medium","Incorrect"
"Maharashtra","Solapur",2022,2023,"Dowry Deaths",295,5720707,"Medium","Medium","Correct"
"Maharashtra","Solapur",2022,2023,"Fraud",1000,5720707,"Low","Low","Correct"
"Maharashtra","Solapur",2022,2023,"Kidnapping",543,5720707,"Medium","Low","Incorrect"
"Maharashtra","Solapur",2022,2023,"Murder",219,5720707,"Low","Low","Correct"
"Maharashtra","Solapur",2022,2023,"Rape",1153,5720707,"Low","Medium","Incorrect"
"Maharashtra","Solapur",2022,2023,"Robbery",978,5720707,"Medium","Low","Incorrect"
"Maharashtra","Solapur",2022,2023,"Theft",214,5720707,"Medium","Low","Incorrect"
"Maharashtra","Thane",2022,2023,"Assault",1142,3447683,"Medium","High","Incorrect"
"Maharashtra","Thane",2022,2023,"Burglary",650,3447683,"Medium","High","Incorrect"
"Maharashtra","Thane",2022,2023,"Cybercrime",1064,3447683,"High","Low","Incorrect"
"Maharashtra","Thane",2022,2023,"Dowry Deaths",198,3447683,"High","Medium","Incorrect"
"Maharashtra","Thane",2022,2023,"Fraud",696,3447683,"High","Low","Incorrect"
"Maharashtra","Thane",2022,2023,"Kidnapping",80,3447683,"Low","High","Incorrect"
"Maharashtra","Thane",2022,2023,"Murder",115,3447683,"High","Medium","Incorrect"
"Maharashtra","Thane",2022,2023,"Rape",209,3447683,"High","Medium","Incorrect"
"Maharashtra","Thane",2022,2023,"Robbery",896,3447683,"High","Low","Incorrect"
"Maharashtra","Thane",2022,2023,"Theft",623,3447683,"Low","Low","Correct"
"Maharashtra","Wardha",2022,2023,"Assault",1047,3723585,"Medium","Low","Incorrect"
"Maharashtra","Wardha",2022,2023,"Burglary",992,3723585,"Low","Medium","Incorrect"
"Maharashtra","Wardha",2022,2023,"Cybercrime",216,3723585,"High","Medium","Incorrect"
"Maharashtra","Wardha",2022,2023,"Dowry Deaths",411,3723585,"Medium","High","Incorrect"
"Maharashtra","Wardha",2022,2023,"Fraud",26,3723585,"Low","High","Incorrect"
"Maharashtra","Wardha",2022,2023,"Kidnapping",328,3723585,"High","Low","Incorrect"
"Maharashtra","Wardha",2022,2023,"Murder",965,3723585,"Low","High","Incorrect"
"Maharashtra","Wardha",2022,2023,"Rape",1184,3723585,"High","Low","Incorrect"
"Maharashtra","Wardha",2022,2023,"Robbery",230,3723585,"High","High","Correct"
"Maharashtra","Wardha",2022,2023,"Theft",123,3723585,"Medium","Medium","Correct"
"Punjab","Abohar",2022,2023,"Assault",636,2731488,"High","High","Correct"
"Punjab","Abohar",2022,2023,"Burglary",139,2731488,"Medium","High","Incorrect"
"Punjab","Abohar",2022,2023,"Cybercrime",990,2731488,"Low","High","Incorrect"
"Punjab","Abohar",2022,2023,"Dowry Deaths",654,2731488,"Medium","High","Incorrect"
"Punjab","Abohar",2022,2023,"Fraud",156,2731488,"Medium","Medium","Correct"
"Punjab","Abohar",2022,2023,"Kidnapping",780,2731488,"High","High","Correct"
"Punjab","Abohar",2022,2023,"Murder",33,2731488,"Medium","High","Incorrect"
"Punjab","Abohar",2022,2023,"Rape",1171,2731488,"Low","High","Incorrect"
"Punjab","Abohar",2022,2023,"Robbery",597,2731488,"Medium","High","Incorrect"
"Punjab","Abohar",2022,2023,"Theft",1089,2731488,"Low","High","Incorrect"
"Punjab","Amritsar",2022,2023,"Assault",750,6355336,"Low","Medium","Incorrect"
"Punjab","Amritsar",2022,2023,"Burglary",783,6355336,"Medium","Medium","Correct"
"Punjab","Amritsar",2022,2023,"Cybercrime",654,6355336,"Medium","Medium","Correct"
"Punjab","Amritsar",2022,2023,"Dowry Deaths",114,6355336,"Medium","Low","Incorrect"
"Punjab","Amritsar",2022,2023,"Fraud",1087,6355336,"Low","Low","Correct"
"Punjab","Amritsar",2022,2023,"Kidnapping",733,6355336,"Low","Medium","Incorrect"
"Punjab","Amritsar",2022,2023,"Murder",652,6355336,"Medium","Low","Incorrect"
"Punjab","Amritsar",2022,2023,"Rape",635,6355336,"Medium","Low","Incorrect"
"Punjab","Amritsar",2022,2023,"Robbery",145,6355336,"Low","Low","Correct"
"Punjab","Amritsar",2022,2023,"Theft",453,6355336,"Low","Medium","Incorrect"
"Punjab","Barnala",2022,2023,"Assault",175,3229173,"Low","High","Incorrect"
"Punjab","Barnala",2022,2023,"Burglary",421,3229173,"Medium","High","Incorrect"
"Punjab","Barnala",2022,2023,"Cybercrime",1192,3229173,"High","Low","Incorrect"
"Punjab","Barnala",2022,2023,"Dowry Deaths",628,3229173,"Low","High","Incorrect"
"Punjab","Barnala",2022,2023,"Fraud",1182,3229173,"Low","High","Incorrect"
"Punjab","Barnala",2022,2023,"Kidnapping",880,3229173,"Medium","High","Incorrect"
"Punjab","Barnala",2022,2023,"Murder",112,3229173,"Low","High","Incorrect"
"Punjab","Barnala",2022,2023,"Rape",507,3229173,"High","High","Correct"
"Punjab","Barnala",2022,2023,"Robbery",1028,3229173,"High","Low","Incorrect"
"Punjab","Barnala",2022,2023,"Theft",1002,3229173,"Low","High","Incorrect"
"Punjab","Batala",2022,2023,"Assault",842,5480753,"Medium","Low","Incorrect"
"Punjab","Batala",2022,2023,"Burglary",49,5480753,"Medium","Low","Incorrect"
"Punjab","Batala",2022,2023,"Cybercrime",561,5480753,"Low","Medium","Incorrect"
"Punjab","Batala",2022,2023,"Dowry Deaths",78,5480753,"Low","Medium","Incorrect"
"Punjab","Batala",2022,2023,"Fraud",154,5480753,"Medium","Medium","Correct"
"Punjab","Batala",2022,2023,"Kidnapping",1180,5480753,"Low","Medium","Incorrect"
"Punjab","Batala",2022,2023,"Murder",671,5480753,"Medium","Medium","Correct"
"Punjab","Batala",2022,2023,"Rape",615,5480753,"High","Low","Incorrect"
"Punjab","Batala",2022,2023,"Robbery",1113,5480753,"Medium","Low","Incorrect"
"Punjab","Batala",2022,2023,"Theft",736,5480753,"Low","Medium","Incorrect"
"Punjab","Bathinda",2022,2023,"Assault",1162,3130087,"Medium","Medium","Correct"
"Punjab","Bathinda",2022,2023,"Burglary",910,3130087,"Medium","High","Incorrect"
"Punjab","Bathinda",2022,2023,"Cybercrime",500,3130087,"High","High","Correct"
"Punjab","Bathinda",2022,2023,"Dowry Deaths",1025,3130087,"Medium","High","Incorrect"
"Punjab","Bathinda",2022,2023,"Fraud",188,3130087,"High","High","Correct"
"Punjab","Bathinda",2022,2023,"Kidnapping",1032,3130087,"High","High","Correct"
"Punjab","Bathinda",2022,2023,"Murder",684,3130087,"High","High","Correct"
"Punjab","Bathinda",2022,2023,"Rape",1150,3130087,"High","Medium","Incorrect"
"Punjab","Bathinda",2022,2023,"Robbery",406,3130087,"Medium","High","Incorrect"
"Punjab","Bathinda",2022,2023,"Theft",267,3130087,"High","High","Correct"
"Punjab","Faridkot",2022,2023,"Assault",980,1579820,"Medium","High","Incorrect"
"Punjab","Faridkot",2022,2023,"Burglary",769,1579820,"High","High","Correct"
"Punjab","Faridkot",2022,2023,"Cybercrime",552,1579820,"High","High","Correct"
"Punjab","Faridkot",2022,2023,"Dowry Deaths",235,1579820,"High","High","Correct"
"Punjab","Faridkot",2022,2023,"Fraud",938,1579820,"High","High","Correct"
"Punjab","Faridkot",2022,2023,"Kidnapping",20,1579820,"Medium","High","Incorrect"
"Punjab","Faridkot",2022,2023,"Murder",821,1579820,"Medium","High","Incorrect"
"Punjab","Faridkot",2022,2023,"Rape",432,1579820,"High","High","Correct"
"Punjab","Faridkot",2022,2023,"Robbery",972,1579820,"Low","High","Incorrect"
"Punjab","Faridkot",2022,2023,"Theft",1065,1579820,"High","High","Correct"
"Punjab","Fazilka",2022,2023,"Assault",133,1087208,"High","High","Correct"
"Punjab","Fazilka",2022,2023,"Burglary",371,1087208,"High","High","Correct"
"Punjab","Fazilka",2022,2023,"Cybercrime",865,1087208,"High","High","Correct"
"Punjab","Fazilka",2022,2023,"Dowry Deaths",157,1087208,"High","High","Correct"
"Punjab","Fazilka",2022,2023,"Fraud",470,1087208,"High","High","Correct"
"Punjab","Fazilka",2022,2023,"Kidnapping",618,1087208,"High","High","Correct"
"Punjab","Fazilka",2022,2023,"Murder",871,1087208,"High","High","Correct"
"Punjab","Fazilka",2022,2023,"Rape",494,1087208,"High","High","Correct"
"Punjab","Fazilka",2022,2023,"Robbery",653,1087208,"High","High","Correct"
"Punjab","Fazilka",2022,2023,"Theft",1113,1087208,"High","High","Correct"
"Punjab","Firozpur",2022,2023,"Assault",303,1849641,"High","High","Correct"
"Punjab","Firozpur",2022,2023,"Burglary",807,1849641,"Low","High","Incorrect"
"Punjab","Firozpur",2022,2023,"Cybercrime",943,1849641,"High","High","Correct"
"Punjab","Firozpur",2022,2023,"Dowry Deaths",764,1849641,"High","High","Correct"
"Punjab","Firozpur",2022,2023,"Fraud",665,1849641,"High","High","Correct"
"Punjab","Firozpur",2022,2023,"Kidnapping",1053,1849641,"Low","High","Incorrect"
"Punjab","Firozpur",2022,2023,"Murder",292,1849641,"Medium","High","Incorrect"
"Punjab","Firozpur",2022,2023,"Rape",1134,1849641,"High","High","Correct"
"Punjab","Firozpur",2022,2023,"Robbery",398,1849641,"High","High","Correct"
"Punjab","Firozpur",2022,2023,"Theft",806,1849641,"High","High","Correct"
"Punjab","Gurdaspur",2022,2023,"Assault",364,2742879,"High","High","Correct"
"Punjab","Gurdaspur",2022,2023,"Burglary",47,2742879,"High","High","Correct"
"Punjab","Gurdaspur",2022,2023,"Cybercrime",743,2742879,"High","High","Correct"
"Punjab","Gurdaspur",2022,2023,"Dowry Deaths",627,2742879,"High","High","Correct"
"Punjab","Gurdaspur",2022,2023,"Fraud",1171,2742879,"Medium","High","Incorrect"
"Punjab","Gurdaspur",2022,2023,"Kidnapping",488,2742879,"Medium","High","Incorrect"
"Punjab","Gurdaspur",2022,2023,"Murder",781,2742879,"Medium","High","Incorrect"
"Punjab","Gurdaspur",2022,2023,"Rape",313,2742879,"High","High","Correct"
"Punjab","Gurdaspur",2022,2023,"Robbery",678,2742879,"Medium","High","Incorrect"
"Punjab","Gurdaspur",2022,2023,"Theft",712,2742879,"Low","High","Incorrect"
"Punjab","Hoshiarpur",2022,2023,"Assault",684,2116881,"High","High","Correct"
"Punjab","Hoshiarpur",2022,2023,"Burglary",636,2116881,"Medium","High","Incorrect"
"Punjab","Hoshiarpur",2022,2023,"Cybercrime",585,2116881,"High","High","Correct"
"Punjab","Hoshiarpur",2022,2023,"Dowry Deaths",316,2116881,"High","High","Correct"
"Punjab","Hoshiarpur",2022,2023,"Fraud",1016,2116881,"Medium","High","Incorrect"
"Punjab","Hoshiarpur",2022,2023,"Kidnapping",70,2116881,"Medium","High","Incorrect"
"Punjab","Hoshiarpur",2022,2023,"Murder",887,2116881,"High","High","Correct"
"Punjab","Hoshiarpur",2022,2023,"Rape",152,2116881,"Medium","High","Incorrect"
"Punjab","Hoshiarpur",2022,2023,"Robbery",585,2116881,"Low","High","Incorrect"
"Punjab","Hoshiarpur",2022,2023,"Theft",735,2116881,"High","High","Correct"
"Punjab","Jalandhar",2022,2023,"Assault",792,2990065,"Medium","High","Incorrect"
"Punjab","Jalandhar",2022,2023,"Burglary",760,2990065,"Medium","High","Incorrect"
"Punjab","Jalandhar",2022,2023,"Cybercrime",140,2990065,"High","High","Correct"
"Punjab","Jalandhar",2022,2023,"Dowry Deaths",365,2990065,"High","Medium","Incorrect"
"Punjab","Jalandhar",2022,2023,"Fraud",592,2990065,"Low","High","Incorrect"
"Punjab","Jalandhar",2022,2023,"Kidnapping",416,2990065,"Medium","High","Incorrect"
"Punjab","Jalandhar",2022,2023,"Murder",583,2990065,"Medium","High","Incorrect"
"Punjab","Jalandhar",2022,2023,"Rape",900,2990065,"Low","High","Incorrect"
"Punjab","Jalandhar",2022,2023,"Robbery",852,2990065,"Low","High","Incorrect"
"Punjab","Jalandhar",2022,2023,"Theft",462,2990065,"Medium","High","Incorrect"
"Punjab","Kapurthala",2022,2023,"Assault",690,6668876,"Medium","Medium","Correct"
"Punjab","Kapurthala",2022,2023,"Burglary",477,6668876,"Low","Medium","Incorrect"
"Punjab","Kapurthala",2022,2023,"Cybercrime",758,6668876,"Low","Medium","Incorrect"
"Punjab","Kapurthala",2022,2023,"Dowry Deaths",132,6668876,"Low","Low","Correct"
"Punjab","Kapurthala",2022,2023,"Fraud",237,6668876,"Medium","Low","Incorrect"
"Punjab","Kapurthala",2022,2023,"Kidnapping",623,6668876,"Medium","Low","Incorrect"
"Punjab","Kapurthala",2022,2023,"Murder",570,6668876,"Medium","Medium","Correct"
"Punjab","Kapurthala",2022,2023,"Rape",811,6668876,"Low","Medium","Incorrect"
"Punjab","Kapurthala",2022,2023,"Robbery",972,6668876,"Low","Medium","Incorrect"
"Punjab","Kapurthala",2022,2023,"Theft",534,6668876,"Low","Low","Correct"
"Punjab","Khanna",2022,2023,"Assault",807,5918354,"Medium","Low","Incorrect"
"Punjab","Khanna",2022,2023,"Burglary",359,5918354,"Low","Medium","Incorrect"
"Punjab","Khanna",2022,2023,"Cybercrime",291,5918354,"Medium","Medium","Correct"
"Punjab","Khanna",2022,2023,"Dowry Deaths",870,5918354,"Low","Medium","Incorrect"
"Punjab","Khanna",2022,2023,"Fraud",890,5918354,"Medium","Medium","Correct"
"Punjab","Khanna",2022,2023,"Kidnapping",1056,5918354,"Low","Medium","Incorrect"
"Punjab","Khanna",2022,2023,"Murder",1059,5918354,"Medium","Low","Incorrect"
"Punjab","Khanna",2022,2023,"Rape",836,5918354,"Medium","Low","Incorrect"
"Punjab","Khanna",2022,2023,"Robbery",1031,5918354,"Medium","Low","Incorrect"
"Punjab","Khanna",2022,2023,"Theft",200,5918354,"Low","Medium","Incorrect"
"Punjab","Ludhiana",2022,2023,"Assault",422,3562719,"High","Medium","Incorrect"
"Punjab","Ludhiana",2022,2023,"Burglary",1162,3562719,"Medium","Medium","Correct"
"Punjab","Ludhiana",2022,2023,"Cybercrime",529,3562719,"Low","High","Incorrect"
"Punjab","Ludhiana",2022,2023,"Dowry Deaths",767,3562719,"Low","Low","Correct"
"Punjab","Ludhiana",2022,2023,"Fraud",1185,3562719,"Medium","Medium","Correct"
"Punjab","Ludhiana",2022,2023,"Kidnapping",1091,3562719,"High","Medium","Incorrect"
"Punjab","Ludhiana",2022,2023,"Murder",29,3562719,"Medium","High","Incorrect"
"Punjab","Ludhiana",2022,2023,"Rape",651,3562719,"Medium","Medium","Correct"
"Punjab","Ludhiana",2022,2023,"Robbery",1003,3562719,"High","Low","Incorrect"
"Punjab","Ludhiana",2022,2023,"Theft",353,3562719,"Low","Low","Correct"
"Punjab","Malerkotla",2022,2023,"Assault",814,1794060,"High","High","Correct"
"Punjab","Malerkotla",2022,2023,"Burglary",1038,1794060,"High","High","Correct"
"Punjab","Malerkotla",2022,2023,"Cybercrime",741,1794060,"High","High","Correct"
"Punjab","Malerkotla",2022,2023,"Dowry Deaths",846,1794060,"Medium","High","Incorrect"
"Punjab","Malerkotla",2022,2023,"Fraud",907,1794060,"Low","High","Incorrect"
"Punjab","Malerkotla",2022,2023,"Kidnapping",1090,1794060,"High","High","Correct"
"Punjab","Malerkotla",2022,2023,"Murder",255,1794060,"Low","High","Incorrect"
"Punjab","Malerkotla",2022,2023,"Rape",306,1794060,"High","High","Correct"
"Punjab","Malerkotla",2022,2023,"Robbery",855,1794060,"Medium","High","Incorrect"
"Punjab","Malerkotla",2022,2023,"Theft",753,1794060,"High","High","Correct"
"Punjab","Mansa",2022,2023,"Assault",1183,5609782,"Medium","Low","Incorrect"
"Punjab","Mansa",2022,2023,"Burglary",527,5609782,"Low","Medium","Incorrect"
"Punjab","Mansa",2022,2023,"Cybercrime",554,5609782,"Medium","Low","Incorrect"
"Punjab","Mansa",2022,2023,"Dowry Deaths",420,5609782,"Medium","Medium","Correct"
"Punjab","Mansa",2022,2023,"Fraud",992,5609782,"Low","Low","Correct"
"Punjab","Mansa",2022,2023,"Kidnapping",576,5609782,"Low","Medium","Incorrect"
"Punjab","Mansa",2022,2023,"Murder",271,5609782,"Medium","Low","Incorrect"
"Punjab","Mansa",2022,2023,"Rape",886,5609782,"Low","Low","Correct"
"Punjab","Mansa",2022,2023,"Robbery",54,5609782,"Low","Medium","Incorrect"
"Punjab","Mansa",2022,2023,"Theft",439,5609782,"Medium","Medium","Correct"
"Punjab","Moga",2022,2023,"Assault",1078,1277583,"High","High","Correct"
"Punjab","Moga",2022,2023,"Burglary",251,1277583,"High","High","Correct"
"Punjab","Moga",2022,2023,"Cybercrime",394,1277583,"High","High","Correct"
"Punjab","Moga",2022,2023,"Dowry Deaths",1128,1277583,"High","High","Correct"
"Punjab","Moga",2022,2023,"Fraud",977,1277583,"High","High","Correct"
"Punjab","Moga",2022,2023,"Kidnapping",924,1277583,"High","High","Correct"
"Punjab","Moga",2022,2023,"Murder",850,1277583,"Medium","High","Incorrect"
"Punjab","Moga",2022,2023,"Rape",684,1277583,"High","High","Correct"
"Punjab","Moga",2022,2023,"Robbery",252,1277583,"High","High","Correct"
"Punjab","Moga",2022,2023,"Theft",1005,1277583,"High","High","Correct"
"Punjab","Mohali",2022,2023,"Assault",476,1709613,"Medium","High","Incorrect"
"Punjab","Mohali",2022,2023,"Burglary",307,1709613,"High","High","Correct"
"Punjab","Mohali",2022,2023,"Cybercrime",782,1709613,"High","High","Correct"
"Punjab","Mohali",2022,2023,"Dowry Deaths",1196,1709613,"High","High","Correct"
"Punjab","Mohali",2022,2023,"Fraud",844,1709613,"Medium","High","Incorrect"
"Punjab","Mohali",2022,2023,"Kidnapping",201,1709613,"High","Medium","Incorrect"
"Punjab","Mohali",2022,2023,"Murder",730,1709613,"High","High","Correct"
"Punjab","Mohali",2022,2023,"Rape",1109,1709613,"Low","High","Incorrect"
"Punjab","Mohali",2022,2023,"Robbery",542,1709613,"Medium","High","Incorrect"
"Punjab","Mohali",2022,2023,"Theft",1122,1709613,"Low","High","Incorrect"
"Punjab","Pathankot",2022,2023,"Assault",44,2035386,"Low","High","Incorrect"
"Punjab","Pathankot",2022,2023,"Burglary",510,2035386,"High","High","Correct"
"Punjab","Pathankot",2022,2023,"Cybercrime",141,2035386,"High","High","Correct"
"Punjab","Pathankot",2022,2023,"Dowry Deaths",1026,2035386,"High","High","Correct"
"Punjab","Pathankot",2022,2023,"Fraud",975,2035386,"High","High","Correct"
"Punjab","Pathankot",2022,2023,"Kidnapping",204,2035386,"High","High","Correct"
"Punjab","Pathankot",2022,2023,"Murder",44,2035386,"Medium","High","Incorrect"
"Punjab","Pathankot",2022,2023,"Rape",861,2035386,"High","High","Correct"
"Punjab","Pathankot",2022,2023,"Robbery",1155,2035386,"High","High","Correct"
"Punjab","Pathankot",2022,2023,"Theft",656,2035386,"High","High","Correct"
"Punjab","Patiala",2022,2023,"Assault",713,5258082,"Low","Low","Correct"
"Punjab","Patiala",2022,2023,"Burglary",910,5258082,"Medium","Low","Incorrect"
"Punjab","Patiala",2022,2023,"Cybercrime",1040,5258082,"Low","Medium","Incorrect"
"Punjab","Patiala",2022,2023,"Dowry Deaths",459,5258082,"Low","Low","Correct"
"Punjab","Patiala",2022,2023,"Fraud",1152,5258082,"Medium","Low","Incorrect"
"Punjab","Patiala",2022,2023,"Kidnapping",419,5258082,"Medium","Low","Incorrect"
"Punjab","Patiala",2022,2023,"Murder",305,5258082,"Low","Medium","Incorrect"
"Punjab","Patiala",2022,2023,"Rape",383,5258082,"Low","Medium","Incorrect"
"Punjab","Patiala",2022,2023,"Robbery",609,5258082,"Low","Medium","Incorrect"
"Punjab","Patiala",2022,2023,"Theft",110,5258082,"Low","Low","Correct"
"Punjab","Rajpura",2022,2023,"Assault",1055,2235856,"High","High","Correct"
"Punjab","Rajpura",2022,2023,"Burglary",529,2235856,"Medium","High","Incorrect"
"Punjab","Rajpura",2022,2023,"Cybercrime",54,2235856,"High","High","Correct"
"Punjab","Rajpura",2022,2023,"Dowry Deaths",154,2235856,"Low","High","Incorrect"
"Punjab","Rajpura",2022,2023,"Fraud",1067,2235856,"Medium","High","Incorrect"
"Punjab","Rajpura",2022,2023,"Kidnapping",693,2235856,"Low","High","Incorrect"
"Punjab","Rajpura",2022,2023,"Murder",257,2235856,"High","High","Correct"
"Punjab","Rajpura",2022,2023,"Rape",548,2235856,"High","High","Correct"
"Punjab","Rajpura",2022,2023,"Robbery",710,2235856,"High","High","Correct"
"Punjab","Rajpura",2022,2023,"Theft",638,2235856,"Low","High","Incorrect"
"Punjab","Ropar",2022,2023,"Assault",1138,3157314,"Medium","Medium","Correct"
"Punjab","Ropar",2022,2023,"Burglary",540,3157314,"Medium","High","Incorrect"
"Punjab","Ropar",2022,2023,"Cybercrime",1003,3157314,"High","Medium","Incorrect"
"Punjab","Ropar",2022,2023,"Dowry Deaths",378,3157314,"High","High","Correct"
"Punjab","Ropar",2022,2023,"Fraud",333,3157314,"Low","High","Incorrect"
"Punjab","Ropar",2022,2023,"Kidnapping",1156,3157314,"Low","Low","Correct"
"Punjab","Ropar",2022,2023,"Murder",917,3157314,"Medium","High","Incorrect"
"Punjab","Ropar",2022,2023,"Rape",1026,3157314,"High","High","Correct"
"Punjab","Ropar",2022,2023,"Robbery",1117,3157314,"Medium","Low","Incorrect"
"Punjab","Ropar",2022,2023,"Theft",139,3157314,"High","High","Correct"
"Punjab","Sangrur",2022,2023,"Assault",109,6937751,"Medium","Low","Incorrect"
"Punjab","Sangrur",2022,2023,"Burglary",356,6937751,"Medium","Low","Incorrect"
"Punjab","Sangrur",2022,2023,"Cybercrime",1059,6937751,"Low","Low","Correct"
"Punjab","Sangrur",2022,2023,"Dowry Deaths",593,6937751,"Medium","Medium","Correct"
"Punjab","Sangrur",2022,2023,"Fraud",298,6937751,"Medium","Low","Incorrect"
"Punjab","Sangrur",2022,2023,"Kidnapping",82,6937751,"Low","Low","Correct"
"Punjab","Sangrur",2022,2023,"Murder",582,6937751,"Low","Medium","Incorrect"
"Punjab","Sangrur",2022,2023,"Rape",987,6937751,"Low","Low","Correct"
"Punjab","Sangrur",2022,2023,"Robbery",155,6937751,"Medium","Low","Incorrect"
"Punjab","Sangrur",2022,2023,"Theft",168,6937751,"Low","Low","Correct"
"Punjab","Tarn Taran",2022,2023,"Assault",537,2052897,"Low","High","Incorrect"
"Punjab","Tarn Taran",2022,2023,"Burglary",848,2052897,"High","High","Correct"
"Punjab","Tarn Taran",2022,2023,"Cybercrime",308,2052897,"High","High","Correct"
"Punjab","Tarn Taran",2022,2023,"Dowry Deaths",639,2052897,"High","High","Correct"
"Punjab","Tarn Taran",2022,2023,"Fraud",552,2052897,"High","High","Correct"
"Punjab","Tarn Taran",2022,2023,"Kidnapping",772,2052897,"Medium","High","Incorrect"
"Punjab","Tarn Taran",2022,2023,"Murder",339,2052897,"Low","High","Incorrect"
"Punjab","Tarn Taran",2022,2023,"Rape",872,2052897,"High","High","Correct"
"Punjab","Tarn Taran",2022,2023,"Robbery",290,2052897,"High","High","Correct"
"Punjab","Tarn Taran",2022,2023,"Theft",164,2052897,"High","High","Correct"
"Punjab","Zirakpur",2022,2023,"Assault",422,1949755,"High","High","Correct"
"Punjab","Zirakpur",2022,2023,"Burglary",1091,1949755,"Medium","High","Incorrect"
"Punjab","Zirakpur",2022,2023,"Cybercrime",1090,1949755,"High","High","Correct"
"Punjab","Zirakpur",2022,2023,"Dowry Deaths",527,1949755,"High","High","Correct"
"Punjab","Zirakpur",2022,2023,"Fraud",310,1949755,"High","High","Correct"
"Punjab","Zirakpur",2022,2023,"Kidnapping",920,1949755,"Medium","High","Incorrect"
"Punjab","Zirakpur",2022,2023,"Murder",176,1949755,"High","High","Correct"
"Punjab","Zirakpur",2022,2023,"Rape",949,1949755,"High","High","Correct"
"Punjab","Zirakpur",2022,2023,"Robbery",464,1949755,"High","High","Correct"
"Punjab","Zirakpur",2022,2023,"Theft",73,1949755,"Medium","High","Incorrect"
"Rajasthan","Ajmer",2022,2023,"Assault",446,1253578,"High","High","Correct"
"Rajasthan","Ajmer",2022,2023,"Burglary",1082,1253578,"Medium","High","Incorrect"
"Rajasthan","Ajmer",2022,2023,"Cybercrime",1058,1253578,"High","High","Correct"
"Rajasthan","Ajmer",2022,2023,"Dowry Deaths",210,1253578,"High","High","Correct"
"Rajasthan","Ajmer",2022,2023,"Fraud",52,1253578,"High","High","Correct"
"Rajasthan","Ajmer",2022,2023,"Kidnapping",154,1253578,"High","High","Correct"
"Rajasthan","Ajmer",2022,2023,"Murder",580,1253578,"Medium","High","Incorrect"
"Rajasthan","Ajmer",2022,2023,"Rape",844,1253578,"High","High","Correct"
"Rajasthan","Ajmer",2022,2023,"Robbery",286,1253578,"Medium","High","Incorrect"
"Rajasthan","Ajmer",2022,2023,"Theft",885,1253578,"High","High","Correct"
"Rajasthan","Alwar",2022,2023,"Assault",386,5185044,"Medium","Medium","Correct"
"Rajasthan","Alwar",2022,2023,"Burglary",892,5185044,"Medium","Medium","Correct"
"Rajasthan","Alwar",2022,2023,"Cybercrime",780,5185044,"Low","Medium","Incorrect"
"Rajasthan","Alwar",2022,2023,"Dowry Deaths",786,5185044,"Medium","Low","Incorrect"
"Rajasthan","Alwar",2022,2023,"Fraud",169,5185044,"Medium","Low","Incorrect"
"Rajasthan","Alwar",2022,2023,"Kidnapping",957,5185044,"Low","Medium","Incorrect"
"Rajasthan","Alwar",2022,2023,"Murder",205,5185044,"Medium","Low","Incorrect"
"Rajasthan","Alwar",2022,2023,"Rape",194,5185044,"Medium","Low","Incorrect"
"Rajasthan","Alwar",2022,2023,"Robbery",639,5185044,"High","Low","Incorrect"
"Rajasthan","Alwar",2022,2023,"Theft",1013,5185044,"Low","Medium","Incorrect"
"Rajasthan","Barmer",2022,2023,"Assault",347,6768852,"Medium","Low","Incorrect"
"Rajasthan","Barmer",2022,2023,"Burglary",330,6768852,"Low","Low","Correct"
"Rajasthan","Barmer",2022,2023,"Cybercrime",367,6768852,"Low","Low","Correct"
"Rajasthan","Barmer",2022,2023,"Dowry Deaths",116,6768852,"Medium","Low","Incorrect"
"Rajasthan","Barmer",2022,2023,"Fraud",867,6768852,"Medium","Low","Incorrect"
"Rajasthan","Barmer",2022,2023,"Kidnapping",1079,6768852,"Low","Low","Correct"
"Rajasthan","Barmer",2022,2023,"Murder",469,6768852,"Low","Medium","Incorrect"
"Rajasthan","Barmer",2022,2023,"Rape",528,6768852,"Medium","Medium","Correct"
"Rajasthan","Barmer",2022,2023,"Robbery",1193,6768852,"Medium","Low","Incorrect"
"Rajasthan","Barmer",2022,2023,"Theft",1188,6768852,"Low","Low","Correct"
"Rajasthan","Bharatpur",2022,2023,"Assault",1015,6674388,"Low","Medium","Incorrect"
"Rajasthan","Bharatpur",2022,2023,"Burglary",280,6674388,"Medium","Low","Incorrect"
"Rajasthan","Bharatpur",2022,2023,"Cybercrime",1021,6674388,"Low","Medium","Incorrect"
"Rajasthan","Bharatpur",2022,2023,"Dowry Deaths",931,6674388,"Low","Medium","Incorrect"
"Rajasthan","Bharatpur",2022,2023,"Fraud",443,6674388,"Low","Low","Correct"
"Rajasthan","Bharatpur",2022,2023,"Kidnapping",279,6674388,"Low","Low","Correct"
"Rajasthan","Bharatpur",2022,2023,"Murder",915,6674388,"Low","Medium","Incorrect"
"Rajasthan","Bharatpur",2022,2023,"Rape",1124,6674388,"Low","Medium","Incorrect"
"Rajasthan","Bharatpur",2022,2023,"Robbery",165,6674388,"Medium","Low","Incorrect"
"Rajasthan","Bharatpur",2022,2023,"Theft",1140,6674388,"Low","Low","Correct"
"Rajasthan","Bhilwara",2022,2023,"Assault",719,2415774,"High","High","Correct"
"Rajasthan","Bhilwara",2022,2023,"Burglary",909,2415774,"High","High","Correct"
"Rajasthan","Bhilwara",2022,2023,"Cybercrime",771,2415774,"High","Medium","Incorrect"
"Rajasthan","Bhilwara",2022,2023,"Dowry Deaths",860,2415774,"Low","High","Incorrect"
"Rajasthan","Bhilwara",2022,2023,"Fraud",399,2415774,"Medium","High","Incorrect"
"Rajasthan","Bhilwara",2022,2023,"Kidnapping",1134,2415774,"High","High","Correct"
"Rajasthan","Bhilwara",2022,2023,"Murder",817,2415774,"Low","High","Incorrect"
"Rajasthan","Bhilwara",2022,2023,"Rape",371,2415774,"Medium","High","Incorrect"
"Rajasthan","Bhilwara",2022,2023,"Robbery",590,2415774,"High","High","Correct"
"Rajasthan","Bhilwara",2022,2023,"Theft",585,2415774,"Low","High","Incorrect"
"Rajasthan","Bikaner",2022,2023,"Assault",726,5802109,"Low","Medium","Incorrect"
"Rajasthan","Bikaner",2022,2023,"Burglary",1174,5802109,"Medium","Medium","Correct"
"Rajasthan","Bikaner",2022,2023,"Cybercrime",430,5802109,"Medium","Medium","Correct"
"Rajasthan","Bikaner",2022,2023,"Dowry Deaths",335,5802109,"Medium","Low","Incorrect"
"Rajasthan","Bikaner",2022,2023,"Fraud",345,5802109,"Low","Low","Correct"
"Rajasthan","Bikaner",2022,2023,"Kidnapping",1181,5802109,"Medium","Medium","Correct"
"Rajasthan","Bikaner",2022,2023,"Murder",1046,5802109,"Medium","Low","Incorrect"
"Rajasthan","Bikaner",2022,2023,"Rape",347,5802109,"Medium","Low","Incorrect"
"Rajasthan","Bikaner",2022,2023,"Robbery",1166,5802109,"Medium","Low","Incorrect"
"Rajasthan","Bikaner",2022,2023,"Theft",877,5802109,"Medium","Low","Incorrect"
"Rajasthan","Bundi",2022,2023,"Assault",641,4224610,"Medium","Low","Incorrect"
"Rajasthan","Bundi",2022,2023,"Burglary",678,4224610,"Low","Low","Correct"
"Rajasthan","Bundi",2022,2023,"Cybercrime",1160,4224610,"Medium","Low","Incorrect"
"Rajasthan","Bundi",2022,2023,"Dowry Deaths",202,4224610,"High","High","Correct"
"Rajasthan","Bundi",2022,2023,"Fraud",334,4224610,"Medium","Medium","Correct"
"Rajasthan","Bundi",2022,2023,"Kidnapping",92,4224610,"Medium","Low","Incorrect"
"Rajasthan","Bundi",2022,2023,"Murder",620,4224610,"High","Medium","Incorrect"
"Rajasthan","Bundi",2022,2023,"Rape",503,4224610,"Low","Low","Correct"
"Rajasthan","Bundi",2022,2023,"Robbery",592,4224610,"Low","Medium","Incorrect"
"Rajasthan","Bundi",2022,2023,"Theft",331,4224610,"Low","Medium","Incorrect"
"Rajasthan","Churu",2022,2023,"Assault",336,3274236,"Medium","Low","Incorrect"
"Rajasthan","Churu",2022,2023,"Burglary",561,3274236,"High","High","Correct"
"Rajasthan","Churu",2022,2023,"Cybercrime",1023,3274236,"Low","High","Incorrect"
"Rajasthan","Churu",2022,2023,"Dowry Deaths",1137,3274236,"High","Medium","Incorrect"
"Rajasthan","Churu",2022,2023,"Fraud",553,3274236,"High","Medium","Incorrect"
"Rajasthan","Churu",2022,2023,"Kidnapping",873,3274236,"Low","Medium","Incorrect"
"Rajasthan","Churu",2022,2023,"Murder",570,3274236,"Medium","Medium","Correct"
"Rajasthan","Churu",2022,2023,"Rape",596,3274236,"Medium","Low","Incorrect"
"Rajasthan","Churu",2022,2023,"Robbery",402,3274236,"Low","Low","Correct"
"Rajasthan","Churu",2022,2023,"Theft",817,3274236,"High","Medium","Incorrect"
"Rajasthan","Dausa",2022,2023,"Assault",732,4961566,"Medium","Medium","Correct"
"Rajasthan","Dausa",2022,2023,"Burglary",32,4961566,"High","Low","Incorrect"
"Rajasthan","Dausa",2022,2023,"Cybercrime",771,4961566,"High","Medium","Incorrect"
"Rajasthan","Dausa",2022,2023,"Dowry Deaths",596,4961566,"Medium","Low","Incorrect"
"Rajasthan","Dausa",2022,2023,"Fraud",862,4961566,"Medium","Medium","Correct"
"Rajasthan","Dausa",2022,2023,"Kidnapping",323,4961566,"Medium","Low","Incorrect"
"Rajasthan","Dausa",2022,2023,"Murder",1006,4961566,"High","Low","Incorrect"
"Rajasthan","Dausa",2022,2023,"Rape",412,4961566,"Medium","Medium","Correct"
"Rajasthan","Dausa",2022,2023,"Robbery",519,4961566,"High","Low","Incorrect"
"Rajasthan","Dausa",2022,2023,"Theft",679,4961566,"Low","Medium","Incorrect"
"Rajasthan","Dungarpur",2022,2023,"Assault",871,2768277,"Low","High","Incorrect"
"Rajasthan","Dungarpur",2022,2023,"Burglary",574,2768277,"High","Medium","Incorrect"
"Rajasthan","Dungarpur",2022,2023,"Cybercrime",619,2768277,"Low","High","Incorrect"
"Rajasthan","Dungarpur",2022,2023,"Dowry Deaths",152,2768277,"High","Medium","Incorrect"
"Rajasthan","Dungarpur",2022,2023,"Fraud",802,2768277,"Low","High","Incorrect"
"Rajasthan","Dungarpur",2022,2023,"Kidnapping",1122,2768277,"High","High","Correct"
"Rajasthan","Dungarpur",2022,2023,"Murder",419,2768277,"Low","High","Incorrect"
"Rajasthan","Dungarpur",2022,2023,"Rape",106,2768277,"High","High","Correct"
"Rajasthan","Dungarpur",2022,2023,"Robbery",402,2768277,"Low","High","Incorrect"
"Rajasthan","Dungarpur",2022,2023,"Theft",790,2768277,"Medium","High","Incorrect"
"Rajasthan","Hanumangarh",2022,2023,"Assault",254,3180680,"High","Medium","Incorrect"
"Rajasthan","Hanumangarh",2022,2023,"Burglary",1020,3180680,"High","Medium","Incorrect"
"Rajasthan","Hanumangarh",2022,2023,"Cybercrime",818,3180680,"High","Medium","Incorrect"
"Rajasthan","Hanumangarh",2022,2023,"Dowry Deaths",104,3180680,"High","High","Correct"
"Rajasthan","Hanumangarh",2022,2023,"Fraud",61,3180680,"High","High","Correct"
"Rajasthan","Hanumangarh",2022,2023,"Kidnapping",1014,3180680,"High","Medium","Incorrect"
"Rajasthan","Hanumangarh",2022,2023,"Murder",49,3180680,"High","High","Correct"
"Rajasthan","Hanumangarh",2022,2023,"Rape",270,3180680,"Medium","High","Incorrect"
"Rajasthan","Hanumangarh",2022,2023,"Robbery",583,3180680,"High","Medium","Incorrect"
"Rajasthan","Hanumangarh",2022,2023,"Theft",856,3180680,"Low","High","Incorrect"
"Rajasthan","Jaipur",2022,2023,"Assault",223,2564706,"High","Medium","Incorrect"
"Rajasthan","Jaipur",2022,2023,"Burglary",549,2564706,"Medium","High","Incorrect"
"Rajasthan","Jaipur",2022,2023,"Cybercrime",776,2564706,"High","High","Correct"
"Rajasthan","Jaipur",2022,2023,"Dowry Deaths",175,2564706,"Medium","High","Incorrect"
"Rajasthan","Jaipur",2022,2023,"Fraud",1166,2564706,"Medium","High","Incorrect"
"Rajasthan","Jaipur",2022,2023,"Kidnapping",580,2564706,"High","High","Correct"
"Rajasthan","Jaipur",2022,2023,"Murder",598,2564706,"Medium","High","Incorrect"
"Rajasthan","Jaipur",2022,2023,"Rape",1071,2564706,"High","High","Correct"
"Rajasthan","Jaipur",2022,2023,"Robbery",789,2564706,"High","High","Correct"
"Rajasthan","Jaipur",2022,2023,"Theft",878,2564706,"High","High","Correct"
"Rajasthan","Jaisalmer",2022,2023,"Assault",85,5337966,"Low","Low","Correct"
"Rajasthan","Jaisalmer",2022,2023,"Burglary",1182,5337966,"Low","Low","Correct"
"Rajasthan","Jaisalmer",2022,2023,"Cybercrime",541,5337966,"Medium","Low","Incorrect"
"Rajasthan","Jaisalmer",2022,2023,"Dowry Deaths",683,5337966,"Low","Medium","Incorrect"
"Rajasthan","Jaisalmer",2022,2023,"Fraud",805,5337966,"Low","Low","Correct"
"Rajasthan","Jaisalmer",2022,2023,"Kidnapping",988,5337966,"Low","Medium","Incorrect"
"Rajasthan","Jaisalmer",2022,2023,"Murder",998,5337966,"Low","Low","Correct"
"Rajasthan","Jaisalmer",2022,2023,"Rape",659,5337966,"Low","Low","Correct"
"Rajasthan","Jaisalmer",2022,2023,"Robbery",108,5337966,"Medium","Medium","Correct"
"Rajasthan","Jaisalmer",2022,2023,"Theft",466,5337966,"Low","Medium","Incorrect"
"Rajasthan","Jhalawar",2022,2023,"Assault",1061,6620911,"Medium","Medium","Correct"
"Rajasthan","Jhalawar",2022,2023,"Burglary",271,6620911,"Low","Low","Correct"
"Rajasthan","Jhalawar",2022,2023,"Cybercrime",1105,6620911,"Low","Medium","Incorrect"
"Rajasthan","Jhalawar",2022,2023,"Dowry Deaths",285,6620911,"Medium","Low","Incorrect"
"Rajasthan","Jhalawar",2022,2023,"Fraud",408,6620911,"Low","Low","Correct"
"Rajasthan","Jhalawar",2022,2023,"Kidnapping",339,6620911,"Low","Low","Correct"
"Rajasthan","Jhalawar",2022,2023,"Murder",635,6620911,"Medium","Low","Incorrect"
"Rajasthan","Jhalawar",2022,2023,"Rape",838,6620911,"Medium","Low","Incorrect"
"Rajasthan","Jhalawar",2022,2023,"Robbery",705,6620911,"Low","Low","Correct"
"Rajasthan","Jhalawar",2022,2023,"Theft",476,6620911,"Medium","Low","Incorrect"
"Rajasthan","Jhunjhunu",2022,2023,"Assault",486,4391384,"High","Medium","Incorrect"
"Rajasthan","Jhunjhunu",2022,2023,"Burglary",858,4391384,"Medium","Low","Incorrect"
"Rajasthan","Jhunjhunu",2022,2023,"Cybercrime",627,4391384,"Medium","Medium","Correct"
"Rajasthan","Jhunjhunu",2022,2023,"Dowry Deaths",1079,4391384,"Medium","Medium","Correct"
"Rajasthan","Jhunjhunu",2022,2023,"Fraud",493,4391384,"Medium","Medium","Correct"
"Rajasthan","Jhunjhunu",2022,2023,"Kidnapping",260,4391384,"Medium","Medium","Correct"
"Rajasthan","Jhunjhunu",2022,2023,"Murder",793,4391384,"Low","Medium","Incorrect"
"Rajasthan","Jhunjhunu",2022,2023,"Rape",321,4391384,"High","Low","Incorrect"
"Rajasthan","Jhunjhunu",2022,2023,"Robbery",899,4391384,"Low","Low","Correct"
"Rajasthan","Jhunjhunu",2022,2023,"Theft",37,4391384,"High","Low","Incorrect"
"Rajasthan","Jodhpur",2022,2023,"Assault",680,6544727,"Medium","Medium","Correct"
"Rajasthan","Jodhpur",2022,2023,"Burglary",636,6544727,"Medium","Low","Incorrect"
"Rajasthan","Jodhpur",2022,2023,"Cybercrime",79,6544727,"Low","Medium","Incorrect"
"Rajasthan","Jodhpur",2022,2023,"Dowry Deaths",458,6544727,"Low","Medium","Incorrect"
"Rajasthan","Jodhpur",2022,2023,"Fraud",1094,6544727,"Medium","Low","Incorrect"
"Rajasthan","Jodhpur",2022,2023,"Kidnapping",565,6544727,"Medium","Low","Incorrect"
"Rajasthan","Jodhpur",2022,2023,"Murder",67,6544727,"Medium","Low","Incorrect"
"Rajasthan","Jodhpur",2022,2023,"Rape",295,6544727,"Medium","Low","Incorrect"
"Rajasthan","Jodhpur",2022,2023,"Robbery",764,6544727,"Low","Low","Correct"
"Rajasthan","Jodhpur",2022,2023,"Theft",576,6544727,"Low","Low","Correct"
"Rajasthan","Karauli",2022,2023,"Assault",601,3421394,"Low","High","Incorrect"
"Rajasthan","Karauli",2022,2023,"Burglary",623,3421394,"Medium","High","Incorrect"
"Rajasthan","Karauli",2022,2023,"Cybercrime",553,3421394,"Medium","Low","Incorrect"
"Rajasthan","Karauli",2022,2023,"Dowry Deaths",639,3421394,"Medium","High","Incorrect"
"Rajasthan","Karauli",2022,2023,"Fraud",786,3421394,"Medium","High","Incorrect"
"Rajasthan","Karauli",2022,2023,"Kidnapping",1147,3421394,"Medium","Low","Incorrect"
"Rajasthan","Karauli",2022,2023,"Murder",309,3421394,"Low","High","Incorrect"
"Rajasthan","Karauli",2022,2023,"Rape",935,3421394,"Medium","High","Incorrect"
"Rajasthan","Karauli",2022,2023,"Robbery",464,3421394,"Low","Low","Correct"
"Rajasthan","Karauli",2022,2023,"Theft",242,3421394,"Medium","Low","Incorrect"
"Rajasthan","Kota",2022,2023,"Assault",1036,4443550,"Low","Medium","Incorrect"
"Rajasthan","Kota",2022,2023,"Burglary",500,4443550,"Medium","High","Incorrect"
"Rajasthan","Kota",2022,2023,"Cybercrime",293,4443550,"Medium","Medium","Correct"
"Rajasthan","Kota",2022,2023,"Dowry Deaths",60,4443550,"High","Medium","Incorrect"
"Rajasthan","Kota",2022,2023,"Fraud",624,4443550,"Low","Medium","Incorrect"
"Rajasthan","Kota",2022,2023,"Kidnapping",532,4443550,"Low","Low","Correct"
"Rajasthan","Kota",2022,2023,"Murder",356,4443550,"Low","Medium","Incorrect"
"Rajasthan","Kota",2022,2023,"Rape",1174,4443550,"Low","Low","Correct"
"Rajasthan","Kota",2022,2023,"Robbery",710,4443550,"Low","Low","Correct"
"Rajasthan","Kota",2022,2023,"Theft",729,4443550,"Medium","Medium","Correct"
"Rajasthan","Nagaur",2022,2023,"Assault",683,6211288,"Medium","Low","Incorrect"
"Rajasthan","Nagaur",2022,2023,"Burglary",833,6211288,"Low","Low","Correct"
"Rajasthan","Nagaur",2022,2023,"Cybercrime",276,6211288,"Medium","Low","Incorrect"
"Rajasthan","Nagaur",2022,2023,"Dowry Deaths",570,6211288,"Low","Medium","Incorrect"
"Rajasthan","Nagaur",2022,2023,"Fraud",1148,6211288,"Medium","Low","Incorrect"
"Rajasthan","Nagaur",2022,2023,"Kidnapping",355,6211288,"Low","Low","Correct"
"Rajasthan","Nagaur",2022,2023,"Murder",642,6211288,"Low","Low","Correct"
"Rajasthan","Nagaur",2022,2023,"Rape",837,6211288,"Low","Medium","Incorrect"
"Rajasthan","Nagaur",2022,2023,"Robbery",105,6211288,"Medium","Low","Incorrect"
"Rajasthan","Nagaur",2022,2023,"Theft",1074,6211288,"Medium","Low","Incorrect"
"Rajasthan","Pali",2022,2023,"Assault",834,4702228,"High","Medium","Incorrect"
"Rajasthan","Pali",2022,2023,"Burglary",263,4702228,"Low","Low","Correct"
"Rajasthan","Pali",2022,2023,"Cybercrime",805,4702228,"Medium","Medium","Correct"
"Rajasthan","Pali",2022,2023,"Dowry Deaths",463,4702228,"Medium","Low","Incorrect"
"Rajasthan","Pali",2022,2023,"Fraud",711,4702228,"Medium","Medium","Correct"
"Rajasthan","Pali",2022,2023,"Kidnapping",677,4702228,"Low","Medium","Incorrect"
"Rajasthan","Pali",2022,2023,"Murder",310,4702228,"Medium","Low","Incorrect"
"Rajasthan","Pali",2022,2023,"Rape",1166,4702228,"Low","Medium","Incorrect"
"Rajasthan","Pali",2022,2023,"Robbery",211,4702228,"Medium","Medium","Correct"
"Rajasthan","Pali",2022,2023,"Theft",712,4702228,"Medium","Low","Incorrect"
"Rajasthan","Sawai Madhopur",2022,2023,"Assault",120,6758343,"Medium","Low","Incorrect"
"Rajasthan","Sawai Madhopur",2022,2023,"Burglary",521,6758343,"Medium","Low","Incorrect"
"Rajasthan","Sawai Madhopur",2022,2023,"Cybercrime",1097,6758343,"Low","Low","Correct"
"Rajasthan","Sawai Madhopur",2022,2023,"Dowry Deaths",472,6758343,"Medium","Low","Incorrect"
"Rajasthan","Sawai Madhopur",2022,2023,"Fraud",1046,6758343,"Low","Low","Correct"
"Rajasthan","Sawai Madhopur",2022,2023,"Kidnapping",1030,6758343,"Low","Low","Correct"
"Rajasthan","Sawai Madhopur",2022,2023,"Murder",78,6758343,"Medium","Medium","Correct"
"Rajasthan","Sawai Madhopur",2022,2023,"Rape",210,6758343,"Medium","Low","Incorrect"
"Rajasthan","Sawai Madhopur",2022,2023,"Robbery",176,6758343,"Medium","Low","Incorrect"
"Rajasthan","Sawai Madhopur",2022,2023,"Theft",420,6758343,"Low","Medium","Incorrect"
"Rajasthan","Sikar",2022,2023,"Assault",1046,2478332,"Low","High","Incorrect"
"Rajasthan","Sikar",2022,2023,"Burglary",979,2478332,"Medium","High","Incorrect"
"Rajasthan","Sikar",2022,2023,"Cybercrime",703,2478332,"High","High","Correct"
"Rajasthan","Sikar",2022,2023,"Dowry Deaths",1086,2478332,"High","High","Correct"
"Rajasthan","Sikar",2022,2023,"Fraud",585,2478332,"High","Medium","Incorrect"
"Rajasthan","Sikar",2022,2023,"Kidnapping",273,2478332,"Low","High","Incorrect"
"Rajasthan","Sikar",2022,2023,"Murder",735,2478332,"Low","High","Incorrect"
"Rajasthan","Sikar",2022,2023,"Rape",344,2478332,"High","High","Correct"
"Rajasthan","Sikar",2022,2023,"Robbery",551,2478332,"High","High","Correct"
"Rajasthan","Sikar",2022,2023,"Theft",336,2478332,"High","High","Correct"
"Rajasthan","Sri Ganganagar",2022,2023,"Assault",470,4348632,"Medium","Medium","Correct"
"Rajasthan","Sri Ganganagar",2022,2023,"Burglary",873,4348632,"Medium","Low","Incorrect"
"Rajasthan","Sri Ganganagar",2022,2023,"Cybercrime",410,4348632,"Medium","Low","Incorrect"
"Rajasthan","Sri Ganganagar",2022,2023,"Dowry Deaths",1005,4348632,"Low","High","Incorrect"
"Rajasthan","Sri Ganganagar",2022,2023,"Fraud",527,4348632,"Medium","Medium","Correct"
"Rajasthan","Sri Ganganagar",2022,2023,"Kidnapping",684,4348632,"Medium","Low","Incorrect"
"Rajasthan","Sri Ganganagar",2022,2023,"Murder",618,4348632,"High","Medium","Incorrect"
"Rajasthan","Sri Ganganagar",2022,2023,"Rape",655,4348632,"Low","Medium","Incorrect"
"Rajasthan","Sri Ganganagar",2022,2023,"Robbery",631,4348632,"Low","Medium","Incorrect"
"Rajasthan","Sri Ganganagar",2022,2023,"Theft",1110,4348632,"Low","Low","Correct"
"Rajasthan","Tonk",2022,2023,"Assault",389,5472044,"Medium","Low","Incorrect"
"Rajasthan","Tonk",2022,2023,"Burglary",997,5472044,"Medium","Medium","Correct"
"Rajasthan","Tonk",2022,2023,"Cybercrime",820,5472044,"Medium","Low","Incorrect"
"Rajasthan","Tonk",2022,2023,"Dowry Deaths",310,5472044,"Medium","Low","Incorrect"
"Rajasthan","Tonk",2022,2023,"Fraud",497,5472044,"Medium","Medium","Correct"
"Rajasthan","Tonk",2022,2023,"Kidnapping",756,5472044,"High","Medium","Incorrect"
"Rajasthan","Tonk",2022,2023,"Murder",792,5472044,"Medium","Medium","Correct"
"Rajasthan","Tonk",2022,2023,"Rape",259,5472044,"Low","Low","Correct"
"Rajasthan","Tonk",2022,2023,"Robbery",1166,5472044,"Medium","Low","Incorrect"
"Rajasthan","Tonk",2022,2023,"Theft",773,5472044,"Low","Medium","Incorrect"
"Rajasthan","Udaipur",2022,2023,"Assault",798,5215225,"High","Medium","Incorrect"
"Rajasthan","Udaipur",2022,2023,"Burglary",562,5215225,"Low","Medium","Incorrect"
"Rajasthan","Udaipur",2022,2023,"Cybercrime",599,5215225,"Medium","Low","Incorrect"
"Rajasthan","Udaipur",2022,2023,"Dowry Deaths",141,5215225,"Low","Medium","Incorrect"
"Rajasthan","Udaipur",2022,2023,"Fraud",972,5215225,"Low","Low","Correct"
"Rajasthan","Udaipur",2022,2023,"Kidnapping",267,5215225,"Low","Low","Correct"
"Rajasthan","Udaipur",2022,2023,"Murder",345,5215225,"Medium","Medium","Correct"
"Rajasthan","Udaipur",2022,2023,"Rape",35,5215225,"Medium","Low","Incorrect"
"Rajasthan","Udaipur",2022,2023,"Robbery",584,5215225,"Medium","Medium","Correct"
"Rajasthan","Udaipur",2022,2023,"Theft",965,5215225,"Medium","Medium","Correct"
"Tamil Nadu","Ariyalur",2022,2023,"Assault",1144,1734788,"High","High","Correct"
"Tamil Nadu","Ariyalur",2022,2023,"Burglary",740,1734788,"High","High","Correct"
"Tamil Nadu","Ariyalur",2022,2023,"Cybercrime",498,1734788,"High","High","Correct"
"Tamil Nadu","Ariyalur",2022,2023,"Dowry Deaths",725,1734788,"Medium","High","Incorrect"
"Tamil Nadu","Ariyalur",2022,2023,"Fraud",1147,1734788,"High","High","Correct"
"Tamil Nadu","Ariyalur",2022,2023,"Kidnapping",362,1734788,"Medium","High","Incorrect"
"Tamil Nadu","Ariyalur",2022,2023,"Murder",1043,1734788,"High","High","Correct"
"Tamil Nadu","Ariyalur",2022,2023,"Rape",668,1734788,"Low","High","Incorrect"
"Tamil Nadu","Ariyalur",2022,2023,"Robbery",942,1734788,"High","High","Correct"
"Tamil Nadu","Ariyalur",2022,2023,"Theft",760,1734788,"High","High","Correct"
"Tamil Nadu","Chennai",2022,2023,"Assault",572,4077053,"Medium","High","Incorrect"
"Tamil Nadu","Chennai",2022,2023,"Burglary",693,4077053,"Medium","Medium","Correct"
"Tamil Nadu","Chennai",2022,2023,"Cybercrime",550,4077053,"Low","Low","Correct"
"Tamil Nadu","Chennai",2022,2023,"Dowry Deaths",876,4077053,"High","Medium","Incorrect"
"Tamil Nadu","Chennai",2022,2023,"Fraud",284,4077053,"Medium","Low","Incorrect"
"Tamil Nadu","Chennai",2022,2023,"Kidnapping",870,4077053,"Low","Medium","Incorrect"
"Tamil Nadu","Chennai",2022,2023,"Murder",882,4077053,"Medium","High","Incorrect"
"Tamil Nadu","Chennai",2022,2023,"Rape",921,4077053,"Medium","Low","Incorrect"
"Tamil Nadu","Chennai",2022,2023,"Robbery",858,4077053,"Medium","Low","Incorrect"
"Tamil Nadu","Chennai",2022,2023,"Theft",984,4077053,"Medium","Low","Incorrect"
"Tamil Nadu","Coimbatore",2022,2023,"Assault",1110,6659491,"Low","Medium","Incorrect"
"Tamil Nadu","Coimbatore",2022,2023,"Burglary",714,6659491,"Medium","Low","Incorrect"
"Tamil Nadu","Coimbatore",2022,2023,"Cybercrime",868,6659491,"Medium","Low","Incorrect"
"Tamil Nadu","Coimbatore",2022,2023,"Dowry Deaths",95,6659491,"Low","Low","Correct"
"Tamil Nadu","Coimbatore",2022,2023,"Fraud",470,6659491,"Medium","Low","Incorrect"
"Tamil Nadu","Coimbatore",2022,2023,"Kidnapping",504,6659491,"Low","Low","Correct"
"Tamil Nadu","Coimbatore",2022,2023,"Murder",886,6659491,"Low","Low","Correct"
"Tamil Nadu","Coimbatore",2022,2023,"Rape",803,6659491,"Low","Low","Correct"
"Tamil Nadu","Coimbatore",2022,2023,"Robbery",736,6659491,"Low","Low","Correct"
"Tamil Nadu","Coimbatore",2022,2023,"Theft",126,6659491,"Medium","Low","Incorrect"
"Tamil Nadu","Cuddalore",2022,2023,"Assault",954,1939631,"High","High","Correct"
"Tamil Nadu","Cuddalore",2022,2023,"Burglary",1037,1939631,"High","High","Correct"
"Tamil Nadu","Cuddalore",2022,2023,"Cybercrime",984,1939631,"High","High","Correct"
"Tamil Nadu","Cuddalore",2022,2023,"Dowry Deaths",503,1939631,"High","High","Correct"
"Tamil Nadu","Cuddalore",2022,2023,"Fraud",850,1939631,"High","High","Correct"
"Tamil Nadu","Cuddalore",2022,2023,"Kidnapping",667,1939631,"High","High","Correct"
"Tamil Nadu","Cuddalore",2022,2023,"Murder",199,1939631,"High","High","Correct"
"Tamil Nadu","Cuddalore",2022,2023,"Rape",86,1939631,"High","High","Correct"
"Tamil Nadu","Cuddalore",2022,2023,"Robbery",471,1939631,"Medium","High","Incorrect"
"Tamil Nadu","Cuddalore",2022,2023,"Theft",246,1939631,"High","High","Correct"
"Tamil Nadu","Dharmapuri",2022,2023,"Assault",227,6139654,"Low","Low","Correct"
"Tamil Nadu","Dharmapuri",2022,2023,"Burglary",1088,6139654,"Low","Low","Correct"
"Tamil Nadu","Dharmapuri",2022,2023,"Cybercrime",59,6139654,"Low","Medium","Incorrect"
"Tamil Nadu","Dharmapuri",2022,2023,"Dowry Deaths",286,6139654,"Medium","Medium","Correct"
"Tamil Nadu","Dharmapuri",2022,2023,"Fraud",877,6139654,"Low","Low","Correct"
"Tamil Nadu","Dharmapuri",2022,2023,"Kidnapping",185,6139654,"Medium","Low","Incorrect"
"Tamil Nadu","Dharmapuri",2022,2023,"Murder",755,6139654,"Medium","Low","Incorrect"
"Tamil Nadu","Dharmapuri",2022,2023,"Rape",898,6139654,"Medium","Low","Incorrect"
"Tamil Nadu","Dharmapuri",2022,2023,"Robbery",118,6139654,"Medium","Low","Incorrect"
"Tamil Nadu","Dharmapuri",2022,2023,"Theft",989,6139654,"Low","Low","Correct"
"Tamil Nadu","Dindigul",2022,2023,"Assault",936,4243205,"High","Medium","Incorrect"
"Tamil Nadu","Dindigul",2022,2023,"Burglary",265,4243205,"Medium","Medium","Correct"
"Tamil Nadu","Dindigul",2022,2023,"Cybercrime",741,4243205,"High","Medium","Incorrect"
"Tamil Nadu","Dindigul",2022,2023,"Dowry Deaths",1119,4243205,"High","Low","Incorrect"
"Tamil Nadu","Dindigul",2022,2023,"Fraud",868,4243205,"Medium","Medium","Correct"
"Tamil Nadu","Dindigul",2022,2023,"Kidnapping",701,4243205,"Low","Low","Correct"
"Tamil Nadu","Dindigul",2022,2023,"Murder",424,4243205,"Medium","High","Incorrect"
"Tamil Nadu","Dindigul",2022,2023,"Rape",285,4243205,"Medium","Medium","Correct"
"Tamil Nadu","Dindigul",2022,2023,"Robbery",545,4243205,"High","Medium","Incorrect"
"Tamil Nadu","Dindigul",2022,2023,"Theft",417,4243205,"Low","Medium","Incorrect"
"Tamil Nadu","Erode",2022,2023,"Assault",492,1694079,"Medium","High","Incorrect"
"Tamil Nadu","Erode",2022,2023,"Burglary",779,1694079,"Medium","High","Incorrect"
"Tamil Nadu","Erode",2022,2023,"Cybercrime",648,1694079,"High","High","Correct"
"Tamil Nadu","Erode",2022,2023,"Dowry Deaths",756,1694079,"Low","High","Incorrect"
"Tamil Nadu","Erode",2022,2023,"Fraud",433,1694079,"High","High","Correct"
"Tamil Nadu","Erode",2022,2023,"Kidnapping",469,1694079,"High","High","Correct"
"Tamil Nadu","Erode",2022,2023,"Murder",775,1694079,"High","High","Correct"
"Tamil Nadu","Erode",2022,2023,"Rape",229,1694079,"High","High","Correct"
"Tamil Nadu","Erode",2022,2023,"Robbery",189,1694079,"High","High","Correct"
"Tamil Nadu","Erode",2022,2023,"Theft",49,1694079,"High","High","Correct"
"Tamil Nadu","Kanchipuram",2022,2023,"Assault",533,5421516,"Low","Low","Correct"
"Tamil Nadu","Kanchipuram",2022,2023,"Burglary",233,5421516,"Low","Low","Correct"
"Tamil Nadu","Kanchipuram",2022,2023,"Cybercrime",884,5421516,"Medium","Medium","Correct"
"Tamil Nadu","Kanchipuram",2022,2023,"Dowry Deaths",922,5421516,"High","Low","Incorrect"
"Tamil Nadu","Kanchipuram",2022,2023,"Fraud",32,5421516,"Low","Low","Correct"
"Tamil Nadu","Kanchipuram",2022,2023,"Kidnapping",653,5421516,"Medium","Low","Incorrect"
"Tamil Nadu","Kanchipuram",2022,2023,"Murder",601,5421516,"Low","Low","Correct"
"Tamil Nadu","Kanchipuram",2022,2023,"Rape",608,5421516,"Medium","Medium","Correct"
"Tamil Nadu","Kanchipuram",2022,2023,"Robbery",68,5421516,"High","Low","Incorrect"
"Tamil Nadu","Kanchipuram",2022,2023,"Theft",850,5421516,"Low","Medium","Incorrect"
"Tamil Nadu","Karur",2022,2023,"Assault",232,3923041,"Low","Medium","Incorrect"
"Tamil Nadu","Karur",2022,2023,"Burglary",611,3923041,"Low","Medium","Incorrect"
"Tamil Nadu","Karur",2022,2023,"Cybercrime",43,3923041,"High","Medium","Incorrect"
"Tamil Nadu","Karur",2022,2023,"Dowry Deaths",285,3923041,"Medium","Low","Incorrect"
"Tamil Nadu","Karur",2022,2023,"Fraud",865,3923041,"Low","Low","Correct"
"Tamil Nadu","Karur",2022,2023,"Kidnapping",1150,3923041,"Medium","Medium","Correct"
"Tamil Nadu","Karur",2022,2023,"Murder",541,3923041,"Low","High","Incorrect"
"Tamil Nadu","Karur",2022,2023,"Rape",914,3923041,"High","Low","Incorrect"
"Tamil Nadu","Karur",2022,2023,"Robbery",104,3923041,"Low","Medium","Incorrect"
"Tamil Nadu","Karur",2022,2023,"Theft",563,3923041,"Low","High","Incorrect"
"Tamil Nadu","Krishnagiri",2022,2023,"Assault",1151,5546811,"Low","Medium","Incorrect"
"Tamil Nadu","Krishnagiri",2022,2023,"Burglary",133,5546811,"Low","Low","Correct"
"Tamil Nadu","Krishnagiri",2022,2023,"Cybercrime",1051,5546811,"Medium","Low","Incorrect"
"Tamil Nadu","Krishnagiri",2022,2023,"Dowry Deaths",106,5546811,"Low","Low","Correct"
"Tamil Nadu","Krishnagiri",2022,2023,"Fraud",322,5546811,"Medium","Low","Incorrect"
"Tamil Nadu","Krishnagiri",2022,2023,"Kidnapping",72,5546811,"Low","Low","Correct"
"Tamil Nadu","Krishnagiri",2022,2023,"Murder",36,5546811,"Medium","Medium","Correct"
"Tamil Nadu","Krishnagiri",2022,2023,"Rape",813,5546811,"Medium","Low","Incorrect"
"Tamil Nadu","Krishnagiri",2022,2023,"Robbery",1125,5546811,"Medium","Low","Incorrect"
"Tamil Nadu","Krishnagiri",2022,2023,"Theft",1119,5546811,"Medium","Low","Incorrect"
"Tamil Nadu","Madurai",2022,2023,"Assault",743,6733637,"Low","Low","Correct"
"Tamil Nadu","Madurai",2022,2023,"Burglary",164,6733637,"Low","Low","Correct"
"Tamil Nadu","Madurai",2022,2023,"Cybercrime",535,6733637,"Low","Medium","Incorrect"
"Tamil Nadu","Madurai",2022,2023,"Dowry Deaths",76,6733637,"Low","Medium","Incorrect"
"Tamil Nadu","Madurai",2022,2023,"Fraud",845,6733637,"Low","Low","Correct"
"Tamil Nadu","Madurai",2022,2023,"Kidnapping",838,6733637,"Low","Medium","Incorrect"
"Tamil Nadu","Madurai",2022,2023,"Murder",339,6733637,"Medium","Low","Incorrect"
"Tamil Nadu","Madurai",2022,2023,"Rape",1013,6733637,"Low","Low","Correct"
"Tamil Nadu","Madurai",2022,2023,"Robbery",984,6733637,"Low","Low","Correct"
"Tamil Nadu","Madurai",2022,2023,"Theft",476,6733637,"Low","Medium","Incorrect"
"Tamil Nadu","Nagapattinam",2022,2023,"Assault",414,4839311,"Medium","Low","Incorrect"
"Tamil Nadu","Nagapattinam",2022,2023,"Burglary",1148,4839311,"Low","Low","Correct"
"Tamil Nadu","Nagapattinam",2022,2023,"Cybercrime",267,4839311,"Medium","Medium","Correct"
"Tamil Nadu","Nagapattinam",2022,2023,"Dowry Deaths",668,4839311,"Medium","Medium","Correct"
"Tamil Nadu","Nagapattinam",2022,2023,"Fraud",168,4839311,"Low","Low","Correct"
"Tamil Nadu","Nagapattinam",2022,2023,"Kidnapping",161,4839311,"High","Medium","Incorrect"
"Tamil Nadu","Nagapattinam",2022,2023,"Murder",988,4839311,"Low","Low","Correct"
"Tamil Nadu","Nagapattinam",2022,2023,"Rape",588,4839311,"Medium","Medium","Correct"
"Tamil Nadu","Nagapattinam",2022,2023,"Robbery",45,4839311,"Medium","Medium","Correct"
"Tamil Nadu","Nagapattinam",2022,2023,"Theft",827,4839311,"Medium","Medium","Correct"
"Tamil Nadu","Namakkal",2022,2023,"Assault",642,5499707,"Medium","Medium","Correct"
"Tamil Nadu","Namakkal",2022,2023,"Burglary",161,5499707,"Medium","Low","Incorrect"
"Tamil Nadu","Namakkal",2022,2023,"Cybercrime",743,5499707,"Low","Medium","Incorrect"
"Tamil Nadu","Namakkal",2022,2023,"Dowry Deaths",665,5499707,"Medium","Medium","Correct"
"Tamil Nadu","Namakkal",2022,2023,"Fraud",495,5499707,"High","Low","Incorrect"
"Tamil Nadu","Namakkal",2022,2023,"Kidnapping",878,5499707,"Medium","Low","Incorrect"
"Tamil Nadu","Namakkal",2022,2023,"Murder",1189,5499707,"Low","Medium","Incorrect"
"Tamil Nadu","Namakkal",2022,2023,"Rape",140,5499707,"Medium","Low","Incorrect"
"Tamil Nadu","Namakkal",2022,2023,"Robbery",1159,5499707,"Medium","Medium","Correct"
"Tamil Nadu","Namakkal",2022,2023,"Theft",450,5499707,"Low","Low","Correct"
"Tamil Nadu","Perambalur",2022,2023,"Assault",608,1781765,"High","High","Correct"
"Tamil Nadu","Perambalur",2022,2023,"Burglary",562,1781765,"High","High","Correct"
"Tamil Nadu","Perambalur",2022,2023,"Cybercrime",775,1781765,"High","High","Correct"
"Tamil Nadu","Perambalur",2022,2023,"Dowry Deaths",913,1781765,"High","High","Correct"
"Tamil Nadu","Perambalur",2022,2023,"Fraud",792,1781765,"High","High","Correct"
"Tamil Nadu","Perambalur",2022,2023,"Kidnapping",815,1781765,"High","High","Correct"
"Tamil Nadu","Perambalur",2022,2023,"Murder",664,1781765,"Medium","High","Incorrect"
"Tamil Nadu","Perambalur",2022,2023,"Rape",670,1781765,"High","High","Correct"
"Tamil Nadu","Perambalur",2022,2023,"Robbery",434,1781765,"Medium","High","Incorrect"
"Tamil Nadu","Perambalur",2022,2023,"Theft",512,1781765,"High","High","Correct"
"Tamil Nadu","Ramanathapuram",2022,2023,"Assault",260,3599496,"High","Low","Incorrect"
"Tamil Nadu","Ramanathapuram",2022,2023,"Burglary",951,3599496,"Low","High","Incorrect"
"Tamil Nadu","Ramanathapuram",2022,2023,"Cybercrime",207,3599496,"Low","Medium","Incorrect"
"Tamil Nadu","Ramanathapuram",2022,2023,"Dowry Deaths",981,3599496,"High","Medium","Incorrect"
"Tamil Nadu","Ramanathapuram",2022,2023,"Fraud",472,3599496,"High","High","Correct"
"Tamil Nadu","Ramanathapuram",2022,2023,"Kidnapping",1135,3599496,"Low","Low","Correct"
"Tamil Nadu","Ramanathapuram",2022,2023,"Murder",856,3599496,"Low","Medium","Incorrect"
"Tamil Nadu","Ramanathapuram",2022,2023,"Rape",151,3599496,"Medium","High","Incorrect"
"Tamil Nadu","Ramanathapuram",2022,2023,"Robbery",850,3599496,"High","Low","Incorrect"
"Tamil Nadu","Ramanathapuram",2022,2023,"Theft",165,3599496,"Low","High","Incorrect"
"Tamil Nadu","Salem",2022,2023,"Assault",400,5367277,"Medium","Low","Incorrect"
"Tamil Nadu","Salem",2022,2023,"Burglary",320,5367277,"Medium","Medium","Correct"
"Tamil Nadu","Salem",2022,2023,"Cybercrime",752,5367277,"High","Medium","Incorrect"
"Tamil Nadu","Salem",2022,2023,"Dowry Deaths",49,5367277,"Medium","Medium","Correct"
"Tamil Nadu","Salem",2022,2023,"Fraud",376,5367277,"Low","Low","Correct"
"Tamil Nadu","Salem",2022,2023,"Kidnapping",943,5367277,"Medium","Medium","Correct"
"Tamil Nadu","Salem",2022,2023,"Murder",679,5367277,"Medium","Medium","Correct"
"Tamil Nadu","Salem",2022,2023,"Rape",138,5367277,"Medium","Low","Incorrect"
"Tamil Nadu","Salem",2022,2023,"Robbery",809,5367277,"Low","Low","Correct"
"Tamil Nadu","Salem",2022,2023,"Theft",373,5367277,"High","Low","Incorrect"
"Tamil Nadu","Sivaganga",2022,2023,"Assault",70,3643173,"High","High","Correct"
"Tamil Nadu","Sivaganga",2022,2023,"Burglary",936,3643173,"High","High","Correct"
"Tamil Nadu","Sivaganga",2022,2023,"Cybercrime",369,3643173,"High","High","Correct"
"Tamil Nadu","Sivaganga",2022,2023,"Dowry Deaths",120,3643173,"Low","High","Incorrect"
"Tamil Nadu","Sivaganga",2022,2023,"Fraud",1020,3643173,"High","Medium","Incorrect"
"Tamil Nadu","Sivaganga",2022,2023,"Kidnapping",821,3643173,"High","High","Correct"
"Tamil Nadu","Sivaganga",2022,2023,"Murder",801,3643173,"Low","High","Incorrect"
"Tamil Nadu","Sivaganga",2022,2023,"Rape",474,3643173,"High","High","Correct"
"Tamil Nadu","Sivaganga",2022,2023,"Robbery",503,3643173,"Medium","High","Incorrect"
"Tamil Nadu","Sivaganga",2022,2023,"Theft",926,3643173,"High","High","Correct"
"Tamil Nadu","Thanjavur",2022,2023,"Assault",57,2111280,"High","High","Correct"
"Tamil Nadu","Thanjavur",2022,2023,"Burglary",638,2111280,"High","High","Correct"
"Tamil Nadu","Thanjavur",2022,2023,"Cybercrime",457,2111280,"High","High","Correct"
"Tamil Nadu","Thanjavur",2022,2023,"Dowry Deaths",168,2111280,"Medium","High","Incorrect"
"Tamil Nadu","Thanjavur",2022,2023,"Fraud",535,2111280,"High","High","Correct"
"Tamil Nadu","Thanjavur",2022,2023,"Kidnapping",1124,2111280,"Low","Low","Correct"
"Tamil Nadu","Thanjavur",2022,2023,"Murder",939,2111280,"High","High","Correct"
"Tamil Nadu","Thanjavur",2022,2023,"Rape",1178,2111280,"High","High","Correct"
"Tamil Nadu","Thanjavur",2022,2023,"Robbery",357,2111280,"High","High","Correct"
"Tamil Nadu","Thanjavur",2022,2023,"Theft",82,2111280,"Medium","High","Incorrect"
"Tamil Nadu","Theni",2022,2023,"Assault",1036,1442123,"High","High","Correct"
"Tamil Nadu","Theni",2022,2023,"Burglary",573,1442123,"High","High","Correct"
"Tamil Nadu","Theni",2022,2023,"Cybercrime",730,1442123,"High","High","Correct"
"Tamil Nadu","Theni",2022,2023,"Dowry Deaths",118,1442123,"High","High","Correct"
"Tamil Nadu","Theni",2022,2023,"Fraud",590,1442123,"High","High","Correct"
"Tamil Nadu","Theni",2022,2023,"Kidnapping",788,1442123,"Medium","High","Incorrect"
"Tamil Nadu","Theni",2022,2023,"Murder",21,1442123,"High","High","Correct"
"Tamil Nadu","Theni",2022,2023,"Rape",1199,1442123,"High","High","Correct"
"Tamil Nadu","Theni",2022,2023,"Robbery",881,1442123,"High","High","Correct"
"Tamil Nadu","Theni",2022,2023,"Theft",314,1442123,"Medium","High","Incorrect"
"Tamil Nadu","Thoothukudi",2022,2023,"Assault",548,6653042,"Low","Low","Correct"
"Tamil Nadu","Thoothukudi",2022,2023,"Burglary",1054,6653042,"Medium","Low","Incorrect"
"Tamil Nadu","Thoothukudi",2022,2023,"Cybercrime",573,6653042,"Low","Low","Correct"
"Tamil Nadu","Thoothukudi",2022,2023,"Dowry Deaths",489,6653042,"Medium","Low","Incorrect"
"Tamil Nadu","Thoothukudi",2022,2023,"Fraud",701,6653042,"Medium","Low","Incorrect"
"Tamil Nadu","Thoothukudi",2022,2023,"Kidnapping",1050,6653042,"Low","Low","Correct"
"Tamil Nadu","Thoothukudi",2022,2023,"Murder",923,6653042,"Medium","Low","Incorrect"
"Tamil Nadu","Thoothukudi",2022,2023,"Rape",521,6653042,"Medium","Low","Incorrect"
"Tamil Nadu","Thoothukudi",2022,2023,"Robbery",988,6653042,"Medium","Low","Incorrect"
"Tamil Nadu","Thoothukudi",2022,2023,"Theft",496,6653042,"Medium","Medium","Correct"
"Tamil Nadu","Tiruchirappalli",2022,2023,"Assault",1171,4000604,"Medium","Medium","Correct"
"Tamil Nadu","Tiruchirappalli",2022,2023,"Burglary",660,4000604,"Low","Low","Correct"
"Tamil Nadu","Tiruchirappalli",2022,2023,"Cybercrime",358,4000604,"Medium","High","Incorrect"
"Tamil Nadu","Tiruchirappalli",2022,2023,"Dowry Deaths",626,4000604,"Medium","Medium","Correct"
"Tamil Nadu","Tiruchirappalli",2022,2023,"Fraud",329,4000604,"Medium","Low","Incorrect"
"Tamil Nadu","Tiruchirappalli",2022,2023,"Kidnapping",552,4000604,"High","High","Correct"
"Tamil Nadu","Tiruchirappalli",2022,2023,"Murder",618,4000604,"Low","Low","Correct"
"Tamil Nadu","Tiruchirappalli",2022,2023,"Rape",207,4000604,"Medium","Low","Incorrect"
"Tamil Nadu","Tiruchirappalli",2022,2023,"Robbery",1170,4000604,"High","Low","Incorrect"
"Tamil Nadu","Tiruchirappalli",2022,2023,"Theft",441,4000604,"High","Medium","Incorrect"
"Tamil Nadu","Tirunelveli",2022,2023,"Assault",1019,4341152,"High","Medium","Incorrect"
"Tamil Nadu","Tirunelveli",2022,2023,"Burglary",410,4341152,"High","Low","Incorrect"
"Tamil Nadu","Tirunelveli",2022,2023,"Cybercrime",630,4341152,"Medium","Medium","Correct"
"Tamil Nadu","Tirunelveli",2022,2023,"Dowry Deaths",367,4341152,"Low","Medium","Incorrect"
"Tamil Nadu","Tirunelveli",2022,2023,"Fraud",592,4341152,"Low","Low","Correct"
"Tamil Nadu","Tirunelveli",2022,2023,"Kidnapping",99,4341152,"Low","Low","Correct"
"Tamil Nadu","Tirunelveli",2022,2023,"Murder",312,4341152,"Medium","Medium","Correct"
"Tamil Nadu","Tirunelveli",2022,2023,"Rape",787,4341152,"Low","Low","Correct"
"Tamil Nadu","Tirunelveli",2022,2023,"Robbery",1091,4341152,"Medium","Low","Incorrect"
"Tamil Nadu","Tirunelveli",2022,2023,"Theft",93,4341152,"High","Low","Incorrect"
"Tamil Nadu","Tiruppur",2022,2023,"Assault",308,810709,"Medium","High","Incorrect"
"Tamil Nadu","Tiruppur",2022,2023,"Burglary",25,810709,"High","High","Correct"
"Tamil Nadu","Tiruppur",2022,2023,"Cybercrime",756,810709,"High","High","Correct"
"Tamil Nadu","Tiruppur",2022,2023,"Dowry Deaths",421,810709,"Low","High","Incorrect"
"Tamil Nadu","Tiruppur",2022,2023,"Fraud",259,810709,"Medium","High","Incorrect"
"Tamil Nadu","Tiruppur",2022,2023,"Kidnapping",1078,810709,"High","High","Correct"
"Tamil Nadu","Tiruppur",2022,2023,"Murder",906,810709,"High","High","Correct"
"Tamil Nadu","Tiruppur",2022,2023,"Rape",837,810709,"High","High","Correct"
"Tamil Nadu","Tiruppur",2022,2023,"Robbery",949,810709,"High","High","Correct"
"Tamil Nadu","Tiruppur",2022,2023,"Theft",440,810709,"High","High","Correct"
"Tamil Nadu","Vellore",2022,2023,"Assault",825,4087240,"Medium","Low","Incorrect"
"Tamil Nadu","Vellore",2022,2023,"Burglary",861,4087240,"Medium","Low","Incorrect"
"Tamil Nadu","Vellore",2022,2023,"Cybercrime",687,4087240,"Medium","Medium","Correct"
"Tamil Nadu","Vellore",2022,2023,"Dowry Deaths",437,4087240,"High","High","Correct"
"Tamil Nadu","Vellore",2022,2023,"Fraud",616,4087240,"High","High","Correct"
"Tamil Nadu","Vellore",2022,2023,"Kidnapping",751,4087240,"Medium","Medium","Correct"
"Tamil Nadu","Vellore",2022,2023,"Murder",569,4087240,"Low","Medium","Incorrect"
"Tamil Nadu","Vellore",2022,2023,"Rape",110,4087240,"High","Low","Incorrect"
"Tamil Nadu","Vellore",2022,2023,"Robbery",514,4087240,"High","Medium","Incorrect"
"Tamil Nadu","Vellore",2022,2023,"Theft",886,4087240,"Medium","Medium","Correct"
"Tamil Nadu","Virudhunagar",2022,2023,"Assault",378,1601271,"High","High","Correct"
"Tamil Nadu","Virudhunagar",2022,2023,"Burglary",322,1601271,"High","High","Correct"
"Tamil Nadu","Virudhunagar",2022,2023,"Cybercrime",1179,1601271,"Low","High","Incorrect"
"Tamil Nadu","Virudhunagar",2022,2023,"Dowry Deaths",86,1601271,"High","High","Correct"
"Tamil Nadu","Virudhunagar",2022,2023,"Fraud",809,1601271,"High","High","Correct"
"Tamil Nadu","Virudhunagar",2022,2023,"Kidnapping",1085,1601271,"Medium","High","Incorrect"
"Tamil Nadu","Virudhunagar",2022,2023,"Murder",766,1601271,"Medium","High","Incorrect"
"Tamil Nadu","Virudhunagar",2022,2023,"Rape",1123,1601271,"High","High","Correct"
"Tamil Nadu","Virudhunagar",2022,2023,"Robbery",80,1601271,"High","High","Correct"
"Tamil Nadu","Virudhunagar",2022,2023,"Theft",459,1601271,"High","High","Correct"
"Uttar Pradesh","Agra",2022,2023,"Assault",154,4040904,"High","Low","Incorrect"
"Uttar Pradesh","Agra",2022,2023,"Burglary",653,4040904,"Low","Low","Correct"
"Uttar Pradesh","Agra",2022,2023,"Cybercrime",419,4040904,"Medium","Low","Incorrect"
"Uttar Pradesh","Agra",2022,2023,"Dowry Deaths",35,4040904,"Low","Medium","Incorrect"
"Uttar Pradesh","Agra",2022,2023,"Fraud",170,4040904,"Medium","Medium","Correct"
"Uttar Pradesh","Agra",2022,2023,"Kidnapping",639,4040904,"Low","Low","Correct"
"Uttar Pradesh","Agra",2022,2023,"Murder",470,4040904,"Low","High","Incorrect"
"Uttar Pradesh","Agra",2022,2023,"Rape",771,4040904,"High","Low","Incorrect"
"Uttar Pradesh","Agra",2022,2023,"Robbery",675,4040904,"Medium","Low","Incorrect"
"Uttar Pradesh","Agra",2022,2023,"Theft",1164,4040904,"High","Low","Incorrect"
"Uttar Pradesh","Aligarh",2022,2023,"Assault",580,2158337,"Medium","High","Incorrect"
"Uttar Pradesh","Aligarh",2022,2023,"Burglary",324,2158337,"High","High","Correct"
"Uttar Pradesh","Aligarh",2022,2023,"Cybercrime",1004,2158337,"Low","High","Incorrect"
"Uttar Pradesh","Aligarh",2022,2023,"Dowry Deaths",338,2158337,"Medium","High","Incorrect"
"Uttar Pradesh","Aligarh",2022,2023,"Fraud",874,2158337,"Low","Low","Correct"
"Uttar Pradesh","Aligarh",2022,2023,"Kidnapping",968,2158337,"High","High","Correct"
"Uttar Pradesh","Aligarh",2022,2023,"Murder",906,2158337,"Low","High","Incorrect"
"Uttar Pradesh","Aligarh",2022,2023,"Rape",780,2158337,"Low","High","Incorrect"
"Uttar Pradesh","Aligarh",2022,2023,"Robbery",148,2158337,"High","High","Correct"
"Uttar Pradesh","Aligarh",2022,2023,"Theft",815,2158337,"High","High","Correct"
"Uttar Pradesh","Ayodhya",2022,2023,"Assault",791,3236184,"High","Low","Incorrect"
"Uttar Pradesh","Ayodhya",2022,2023,"Burglary",811,3236184,"Medium","High","Incorrect"
"Uttar Pradesh","Ayodhya",2022,2023,"Cybercrime",258,3236184,"Medium","High","Incorrect"
"Uttar Pradesh","Ayodhya",2022,2023,"Dowry Deaths",789,3236184,"High","High","Correct"
"Uttar Pradesh","Ayodhya",2022,2023,"Fraud",1075,3236184,"Low","High","Incorrect"
"Uttar Pradesh","Ayodhya",2022,2023,"Kidnapping",1168,3236184,"Low","Medium","Incorrect"
"Uttar Pradesh","Ayodhya",2022,2023,"Murder",40,3236184,"Medium","High","Incorrect"
"Uttar Pradesh","Ayodhya",2022,2023,"Rape",1017,3236184,"Medium","High","Incorrect"
"Uttar Pradesh","Ayodhya",2022,2023,"Robbery",222,3236184,"Low","High","Incorrect"
"Uttar Pradesh","Ayodhya",2022,2023,"Theft",565,3236184,"Medium","High","Incorrect"
"Uttar Pradesh","Ballia",2022,2023,"Assault",652,1901481,"High","Low","Incorrect"
"Uttar Pradesh","Ballia",2022,2023,"Burglary",302,1901481,"High","High","Correct"
"Uttar Pradesh","Ballia",2022,2023,"Cybercrime",882,1901481,"High","High","Correct"
"Uttar Pradesh","Ballia",2022,2023,"Dowry Deaths",1180,1901481,"Medium","High","Incorrect"
"Uttar Pradesh","Ballia",2022,2023,"Fraud",1019,1901481,"Low","High","Incorrect"
"Uttar Pradesh","Ballia",2022,2023,"Kidnapping",431,1901481,"High","High","Correct"
"Uttar Pradesh","Ballia",2022,2023,"Murder",1013,1901481,"High","High","Correct"
"Uttar Pradesh","Ballia",2022,2023,"Rape",488,1901481,"High","High","Correct"
"Uttar Pradesh","Ballia",2022,2023,"Robbery",126,1901481,"High","High","Correct"
"Uttar Pradesh","Ballia",2022,2023,"Theft",616,1901481,"High","High","Correct"
"Uttar Pradesh","Bareilly",2022,2023,"Assault",1150,4495409,"Medium","Low","Incorrect"
"Uttar Pradesh","Bareilly",2022,2023,"Burglary",90,4495409,"Low","Low","Correct"
"Uttar Pradesh","Bareilly",2022,2023,"Cybercrime",268,4495409,"Low","Low","Correct"
"Uttar Pradesh","Bareilly",2022,2023,"Dowry Deaths",469,4495409,"Medium","Low","Incorrect"
"Uttar Pradesh","Bareilly",2022,2023,"Fraud",500,4495409,"Medium","Medium","Correct"
"Uttar Pradesh","Bareilly",2022,2023,"Kidnapping",983,4495409,"Low","Low","Correct"
"Uttar Pradesh","Bareilly",2022,2023,"Murder",145,4495409,"Medium","Medium","Correct"
"Uttar Pradesh","Bareilly",2022,2023,"Rape",914,4495409,"Low","Low","Correct"
"Uttar Pradesh","Bareilly",2022,2023,"Robbery",397,4495409,"Low","Medium","Incorrect"
"Uttar Pradesh","Bareilly",2022,2023,"Theft",455,4495409,"Low","Low","Correct"
"Uttar Pradesh","Basti",2022,2023,"Assault",995,1876882,"High","High","Correct"
"Uttar Pradesh","Basti",2022,2023,"Burglary",977,1876882,"High","High","Correct"
"Uttar Pradesh","Basti",2022,2023,"Cybercrime",735,1876882,"High","High","Correct"
"Uttar Pradesh","Basti",2022,2023,"Dowry Deaths",1182,1876882,"Low","High","Incorrect"
"Uttar Pradesh","Basti",2022,2023,"Fraud",1156,1876882,"Low","High","Incorrect"
"Uttar Pradesh","Basti",2022,2023,"Kidnapping",60,1876882,"High","High","Correct"
"Uttar Pradesh","Basti",2022,2023,"Murder",230,1876882,"High","High","Correct"
"Uttar Pradesh","Basti",2022,2023,"Rape",165,1876882,"Medium","High","Incorrect"
"Uttar Pradesh","Basti",2022,2023,"Robbery",948,1876882,"Medium","High","Incorrect"
"Uttar Pradesh","Basti",2022,2023,"Theft",521,1876882,"Medium","High","Incorrect"
"Uttar Pradesh","Etawah",2022,2023,"Assault",291,5556520,"Medium","Medium","Correct"
"Uttar Pradesh","Etawah",2022,2023,"Burglary",1146,5556520,"Medium","Medium","Correct"
"Uttar Pradesh","Etawah",2022,2023,"Cybercrime",325,5556520,"Low","Medium","Incorrect"
"Uttar Pradesh","Etawah",2022,2023,"Dowry Deaths",890,5556520,"Low","Low","Correct"
"Uttar Pradesh","Etawah",2022,2023,"Fraud",562,5556520,"Low","Low","Correct"
"Uttar Pradesh","Etawah",2022,2023,"Kidnapping",208,5556520,"Low","Medium","Incorrect"
"Uttar Pradesh","Etawah",2022,2023,"Murder",704,5556520,"Low","Medium","Incorrect"
"Uttar Pradesh","Etawah",2022,2023,"Rape",1115,5556520,"Low","Medium","Incorrect"
"Uttar Pradesh","Etawah",2022,2023,"Robbery",719,5556520,"Medium","Low","Incorrect"
"Uttar Pradesh","Etawah",2022,2023,"Theft",915,5556520,"Low","Medium","Incorrect"
"Uttar Pradesh","Firozabad",2022,2023,"Assault",314,5364402,"Low","Medium","Incorrect"
"Uttar Pradesh","Firozabad",2022,2023,"Burglary",1064,5364402,"Medium","Medium","Correct"
"Uttar Pradesh","Firozabad",2022,2023,"Cybercrime",382,5364402,"Medium","Medium","Correct"
"Uttar Pradesh","Firozabad",2022,2023,"Dowry Deaths",492,5364402,"Low","Low","Correct"
"Uttar Pradesh","Firozabad",2022,2023,"Fraud",653,5364402,"Low","Medium","Incorrect"
"Uttar Pradesh","Firozabad",2022,2023,"Kidnapping",932,5364402,"Low","Medium","Incorrect"
"Uttar Pradesh","Firozabad",2022,2023,"Murder",688,5364402,"Low","Low","Correct"
"Uttar Pradesh","Firozabad",2022,2023,"Rape",1098,5364402,"Low","Low","Correct"
"Uttar Pradesh","Firozabad",2022,2023,"Robbery",766,5364402,"Medium","Medium","Correct"
"Uttar Pradesh","Firozabad",2022,2023,"Theft",862,5364402,"Medium","Medium","Correct"
"Uttar Pradesh","Ghaziabad",2022,2023,"Assault",1073,2086631,"High","High","Correct"
"Uttar Pradesh","Ghaziabad",2022,2023,"Burglary",221,2086631,"High","High","Correct"
"Uttar Pradesh","Ghaziabad",2022,2023,"Cybercrime",1186,2086631,"High","High","Correct"
"Uttar Pradesh","Ghaziabad",2022,2023,"Dowry Deaths",220,2086631,"High","High","Correct"
"Uttar Pradesh","Ghaziabad",2022,2023,"Fraud",85,2086631,"High","High","Correct"
"Uttar Pradesh","Ghaziabad",2022,2023,"Kidnapping",353,2086631,"Medium","High","Incorrect"
"Uttar Pradesh","Ghaziabad",2022,2023,"Murder",809,2086631,"High","High","Correct"
"Uttar Pradesh","Ghaziabad",2022,2023,"Rape",1097,2086631,"High","High","Correct"
"Uttar Pradesh","Ghaziabad",2022,2023,"Robbery",573,2086631,"High","High","Correct"
"Uttar Pradesh","Ghaziabad",2022,2023,"Theft",62,2086631,"High","High","Correct"
"Uttar Pradesh","Gorakhpur",2022,2023,"Assault",461,1128143,"High","High","Correct"
"Uttar Pradesh","Gorakhpur",2022,2023,"Burglary",530,1128143,"High","High","Correct"
"Uttar Pradesh","Gorakhpur",2022,2023,"Cybercrime",438,1128143,"High","High","Correct"
"Uttar Pradesh","Gorakhpur",2022,2023,"Dowry Deaths",864,1128143,"Low","High","Incorrect"
"Uttar Pradesh","Gorakhpur",2022,2023,"Fraud",927,1128143,"High","High","Correct"
"Uttar Pradesh","Gorakhpur",2022,2023,"Kidnapping",293,1128143,"High","High","Correct"
"Uttar Pradesh","Gorakhpur",2022,2023,"Murder",1189,1128143,"High","High","Correct"
"Uttar Pradesh","Gorakhpur",2022,2023,"Rape",854,1128143,"High","High","Correct"
"Uttar Pradesh","Gorakhpur",2022,2023,"Robbery",382,1128143,"High","High","Correct"
"Uttar Pradesh","Gorakhpur",2022,2023,"Theft",151,1128143,"High","High","Correct"
"Uttar Pradesh","Jhansi",2022,2023,"Assault",650,1456112,"Low","High","Incorrect"
"Uttar Pradesh","Jhansi",2022,2023,"Burglary",321,1456112,"High","High","Correct"
"Uttar Pradesh","Jhansi",2022,2023,"Cybercrime",178,1456112,"High","High","Correct"
"Uttar Pradesh","Jhansi",2022,2023,"Dowry Deaths",1107,1456112,"High","High","Correct"
"Uttar Pradesh","Jhansi",2022,2023,"Fraud",479,1456112,"High","High","Correct"
"Uttar Pradesh","Jhansi",2022,2023,"Kidnapping",279,1456112,"Low","High","Incorrect"
"Uttar Pradesh","Jhansi",2022,2023,"Murder",696,1456112,"High","High","Correct"
"Uttar Pradesh","Jhansi",2022,2023,"Rape",210,1456112,"High","High","Correct"
"Uttar Pradesh","Jhansi",2022,2023,"Robbery",819,1456112,"Low","High","Incorrect"
"Uttar Pradesh","Jhansi",2022,2023,"Theft",59,1456112,"High","High","Correct"
"Uttar Pradesh","Kanpur Nagar",2022,2023,"Assault",1160,4685861,"High","Medium","Incorrect"
"Uttar Pradesh","Kanpur Nagar",2022,2023,"Burglary",1080,4685861,"Medium","Medium","Correct"
"Uttar Pradesh","Kanpur Nagar",2022,2023,"Cybercrime",186,4685861,"Medium","Low","Incorrect"
"Uttar Pradesh","Kanpur Nagar",2022,2023,"Dowry Deaths",430,4685861,"Low","Medium","Incorrect"
"Uttar Pradesh","Kanpur Nagar",2022,2023,"Fraud",842,4685861,"Medium","Low","Incorrect"
"Uttar Pradesh","Kanpur Nagar",2022,2023,"Kidnapping",601,4685861,"Low","Medium","Incorrect"
"Uttar Pradesh","Kanpur Nagar",2022,2023,"Murder",487,4685861,"High","Low","Incorrect"
"Uttar Pradesh","Kanpur Nagar",2022,2023,"Rape",605,4685861,"Low","Low","Correct"
"Uttar Pradesh","Kanpur Nagar",2022,2023,"Robbery",814,4685861,"Low","Medium","Incorrect"
"Uttar Pradesh","Kanpur Nagar",2022,2023,"Theft",308,4685861,"Medium","Low","Incorrect"
"Uttar Pradesh","Lucknow",2022,2023,"Assault",72,6843158,"Low","Low","Correct"
"Uttar Pradesh","Lucknow",2022,2023,"Burglary",1043,6843158,"Low","Low","Correct"
"Uttar Pradesh","Lucknow",2022,2023,"Cybercrime",244,6843158,"Medium","Low","Incorrect"
"Uttar Pradesh","Lucknow",2022,2023,"Dowry Deaths",189,6843158,"Low","Low","Correct"
"Uttar Pradesh","Lucknow",2022,2023,"Fraud",301,6843158,"Low","Medium","Incorrect"
"Uttar Pradesh","Lucknow",2022,2023,"Kidnapping",877,6843158,"Medium","Low","Incorrect"
"Uttar Pradesh","Lucknow",2022,2023,"Murder",944,6843158,"Medium","Low","Incorrect"
"Uttar Pradesh","Lucknow",2022,2023,"Rape",1060,6843158,"Low","Low","Correct"
"Uttar Pradesh","Lucknow",2022,2023,"Robbery",657,6843158,"Low","Low","Correct"
"Uttar Pradesh","Lucknow",2022,2023,"Theft",492,6843158,"Low","Low","Correct"
"Uttar Pradesh","Mathura",2022,2023,"Assault",249,2366283,"High","High","Correct"
"Uttar Pradesh","Mathura",2022,2023,"Burglary",588,2366283,"High","High","Correct"
"Uttar Pradesh","Mathura",2022,2023,"Cybercrime",773,2366283,"High","High","Correct"
"Uttar Pradesh","Mathura",2022,2023,"Dowry Deaths",47,2366283,"High","High","Correct"
"Uttar Pradesh","Mathura",2022,2023,"Fraud",744,2366283,"Low","High","Incorrect"
"Uttar Pradesh","Mathura",2022,2023,"Kidnapping",491,2366283,"High","High","Correct"
"Uttar Pradesh","Mathura",2022,2023,"Murder",1140,2366283,"Low","High","Incorrect"
"Uttar Pradesh","Mathura",2022,2023,"Rape",96,2366283,"High","High","Correct"
"Uttar Pradesh","Mathura",2022,2023,"Robbery",990,2366283,"High","High","Correct"
"Uttar Pradesh","Mathura",2022,2023,"Theft",112,2366283,"High","High","Correct"
"Uttar Pradesh","Meerut",2022,2023,"Assault",352,5834332,"Medium","Low","Incorrect"
"Uttar Pradesh","Meerut",2022,2023,"Burglary",772,5834332,"Medium","Low","Incorrect"
"Uttar Pradesh","Meerut",2022,2023,"Cybercrime",418,5834332,"Medium","Medium","Correct"
"Uttar Pradesh","Meerut",2022,2023,"Dowry Deaths",951,5834332,"Low","Medium","Incorrect"
"Uttar Pradesh","Meerut",2022,2023,"Fraud",1030,5834332,"Medium","Low","Incorrect"
"Uttar Pradesh","Meerut",2022,2023,"Kidnapping",581,5834332,"Medium","Low","Incorrect"
"Uttar Pradesh","Meerut",2022,2023,"Murder",732,5834332,"Low","Medium","Incorrect"
"Uttar Pradesh","Meerut",2022,2023,"Rape",828,5834332,"Medium","Medium","Correct"
"Uttar Pradesh","Meerut",2022,2023,"Robbery",1007,5834332,"Medium","Medium","Correct"
"Uttar Pradesh","Meerut",2022,2023,"Theft",365,5834332,"Medium","Low","Incorrect"
"Uttar Pradesh","Mirzapur",2022,2023,"Assault",955,4297105,"Low","Medium","Incorrect"
"Uttar Pradesh","Mirzapur",2022,2023,"Burglary",510,4297105,"Low","Low","Correct"
"Uttar Pradesh","Mirzapur",2022,2023,"Cybercrime",684,4297105,"High","Medium","Incorrect"
"Uttar Pradesh","Mirzapur",2022,2023,"Dowry Deaths",420,4297105,"Low","Low","Correct"
"Uttar Pradesh","Mirzapur",2022,2023,"Fraud",550,4297105,"High","Low","Incorrect"
"Uttar Pradesh","Mirzapur",2022,2023,"Kidnapping",369,4297105,"High","Low","Incorrect"
"Uttar Pradesh","Mirzapur",2022,2023,"Murder",270,4297105,"Low","Medium","Incorrect"
"Uttar Pradesh","Mirzapur",2022,2023,"Rape",225,4297105,"High","High","Correct"
"Uttar Pradesh","Mirzapur",2022,2023,"Robbery",465,4297105,"High","Medium","Incorrect"
"Uttar Pradesh","Mirzapur",2022,2023,"Theft",717,4297105,"Medium","Medium","Correct"
"Uttar Pradesh","Moradabad",2022,2023,"Assault",375,4848621,"Low","Medium","Incorrect"
"Uttar Pradesh","Moradabad",2022,2023,"Burglary",502,4848621,"Low","Low","Correct"
"Uttar Pradesh","Moradabad",2022,2023,"Cybercrime",458,4848621,"Low","Low","Correct"
"Uttar Pradesh","Moradabad",2022,2023,"Dowry Deaths",1025,4848621,"Low","Medium","Incorrect"
"Uttar Pradesh","Moradabad",2022,2023,"Fraud",446,4848621,"Medium","Low","Incorrect"
"Uttar Pradesh","Moradabad",2022,2023,"Kidnapping",370,4848621,"Medium","Low","Incorrect"
"Uttar Pradesh","Moradabad",2022,2023,"Murder",353,4848621,"Medium","Medium","Correct"
"Uttar Pradesh","Moradabad",2022,2023,"Rape",904,4848621,"High","Low","Incorrect"
"Uttar Pradesh","Moradabad",2022,2023,"Robbery",404,4848621,"Low","Low","Correct"
"Uttar Pradesh","Moradabad",2022,2023,"Theft",509,4848621,"Low","Low","Correct"
"Uttar Pradesh","Muzaffarnagar",2022,2023,"Assault",99,5708563,"Medium","Low","Incorrect"
"Uttar Pradesh","Muzaffarnagar",2022,2023,"Burglary",600,5708563,"Medium","Medium","Correct"
"Uttar Pradesh","Muzaffarnagar",2022,2023,"Cybercrime",589,5708563,"Medium","Medium","Correct"
"Uttar Pradesh","Muzaffarnagar",2022,2023,"Dowry Deaths",582,5708563,"Low","Medium","Incorrect"
"Uttar Pradesh","Muzaffarnagar",2022,2023,"Fraud",649,5708563,"Medium","Low","Incorrect"
"Uttar Pradesh","Muzaffarnagar",2022,2023,"Kidnapping",199,5708563,"Medium","Medium","Correct"
"Uttar Pradesh","Muzaffarnagar",2022,2023,"Murder",606,5708563,"Low","Medium","Incorrect"
"Uttar Pradesh","Muzaffarnagar",2022,2023,"Rape",1034,5708563,"Low","Medium","Incorrect"
"Uttar Pradesh","Muzaffarnagar",2022,2023,"Robbery",306,5708563,"Low","Medium","Incorrect"
"Uttar Pradesh","Muzaffarnagar",2022,2023,"Theft",101,5708563,"Medium","Medium","Correct"
"Uttar Pradesh","Noida",2022,2023,"Assault",872,3896958,"High","Low","Incorrect"
"Uttar Pradesh","Noida",2022,2023,"Burglary",78,3896958,"High","Low","Incorrect"
"Uttar Pradesh","Noida",2022,2023,"Cybercrime",427,3896958,"Low","Low","Correct"
"Uttar Pradesh","Noida",2022,2023,"Dowry Deaths",812,3896958,"Low","Medium","Incorrect"
"Uttar Pradesh","Noida",2022,2023,"Fraud",793,3896958,"High","Low","Incorrect"
"Uttar Pradesh","Noida",2022,2023,"Kidnapping",59,3896958,"High","High","Correct"
"Uttar Pradesh","Noida",2022,2023,"Murder",1166,3896958,"High","Low","Incorrect"
"Uttar Pradesh","Noida",2022,2023,"Rape",34,3896958,"High","High","Correct"
"Uttar Pradesh","Noida",2022,2023,"Robbery",557,3896958,"Medium","Medium","Correct"
"Uttar Pradesh","Noida",2022,2023,"Theft",1063,3896958,"Medium","Medium","Correct"
"Uttar Pradesh","Prayagraj",2022,2023,"Assault",305,1612259,"High","High","Correct"
"Uttar Pradesh","Prayagraj",2022,2023,"Burglary",127,1612259,"High","High","Correct"
"Uttar Pradesh","Prayagraj",2022,2023,"Cybercrime",263,1612259,"High","High","Correct"
"Uttar Pradesh","Prayagraj",2022,2023,"Dowry Deaths",1124,1612259,"Low","High","Incorrect"
"Uttar Pradesh","Prayagraj",2022,2023,"Fraud",546,1612259,"Medium","High","Incorrect"
"Uttar Pradesh","Prayagraj",2022,2023,"Kidnapping",600,1612259,"High","High","Correct"
"Uttar Pradesh","Prayagraj",2022,2023,"Murder",314,1612259,"Medium","High","Incorrect"
"Uttar Pradesh","Prayagraj",2022,2023,"Rape",938,1612259,"High","High","Correct"
"Uttar Pradesh","Prayagraj",2022,2023,"Robbery",756,1612259,"High","High","Correct"
"Uttar Pradesh","Prayagraj",2022,2023,"Theft",356,1612259,"Low","High","Incorrect"
"Uttar Pradesh","Raebareli",2022,2023,"Assault",487,5341612,"Low","Medium","Incorrect"
"Uttar Pradesh","Raebareli",2022,2023,"Burglary",793,5341612,"Medium","Medium","Correct"
"Uttar Pradesh","Raebareli",2022,2023,"Cybercrime",753,5341612,"Medium","Medium","Correct"
"Uttar Pradesh","Raebareli",2022,2023,"Dowry Deaths",834,5341612,"Low","Medium","Incorrect"
"Uttar Pradesh","Raebareli",2022,2023,"Fraud",1066,5341612,"Low","Low","Correct"
"Uttar Pradesh","Raebareli",2022,2023,"Kidnapping",674,5341612,"Medium","Low","Incorrect"
"Uttar Pradesh","Raebareli",2022,2023,"Murder",979,5341612,"Low","Medium","Incorrect"
"Uttar Pradesh","Raebareli",2022,2023,"Rape",133,5341612,"Low","Medium","Incorrect"
"Uttar Pradesh","Raebareli",2022,2023,"Robbery",1122,5341612,"Medium","Low","Incorrect"
"Uttar Pradesh","Raebareli",2022,2023,"Theft",729,5341612,"Medium","Medium","Correct"
"Uttar Pradesh","Saharanpur",2022,2023,"Assault",177,3203710,"Low","High","Incorrect"
"Uttar Pradesh","Saharanpur",2022,2023,"Burglary",1001,3203710,"High","Medium","Incorrect"
"Uttar Pradesh","Saharanpur",2022,2023,"Cybercrime",733,3203710,"Medium","High","Incorrect"
"Uttar Pradesh","Saharanpur",2022,2023,"Dowry Deaths",201,3203710,"High","High","Correct"
"Uttar Pradesh","Saharanpur",2022,2023,"Fraud",240,3203710,"Medium","High","Incorrect"
"Uttar Pradesh","Saharanpur",2022,2023,"Kidnapping",841,3203710,"Medium","High","Incorrect"
"Uttar Pradesh","Saharanpur",2022,2023,"Murder",837,3203710,"Low","High","Incorrect"
"Uttar Pradesh","Saharanpur",2022,2023,"Rape",477,3203710,"Low","High","Incorrect"
"Uttar Pradesh","Saharanpur",2022,2023,"Robbery",938,3203710,"Medium","High","Incorrect"
"Uttar Pradesh","Saharanpur",2022,2023,"Theft",303,3203710,"High","High","Correct"
"Uttar Pradesh","Shahjahanpur",2022,2023,"Assault",331,1305554,"Medium","High","Incorrect"
"Uttar Pradesh","Shahjahanpur",2022,2023,"Burglary",1158,1305554,"High","High","Correct"
"Uttar Pradesh","Shahjahanpur",2022,2023,"Cybercrime",377,1305554,"High","High","Correct"
"Uttar Pradesh","Shahjahanpur",2022,2023,"Dowry Deaths",981,1305554,"High","High","Correct"
"Uttar Pradesh","Shahjahanpur",2022,2023,"Fraud",156,1305554,"High","High","Correct"
"Uttar Pradesh","Shahjahanpur",2022,2023,"Kidnapping",323,1305554,"High","High","Correct"
"Uttar Pradesh","Shahjahanpur",2022,2023,"Murder",1074,1305554,"Medium","High","Incorrect"
"Uttar Pradesh","Shahjahanpur",2022,2023,"Rape",1005,1305554,"High","High","Correct"
"Uttar Pradesh","Shahjahanpur",2022,2023,"Robbery",369,1305554,"High","High","Correct"
"Uttar Pradesh","Shahjahanpur",2022,2023,"Theft",567,1305554,"High","High","Correct"
"Uttar Pradesh","Sitapur",2022,2023,"Assault",526,5173990,"Medium","Medium","Correct"
"Uttar Pradesh","Sitapur",2022,2023,"Burglary",853,5173990,"Low","Medium","Incorrect"
"Uttar Pradesh","Sitapur",2022,2023,"Cybercrime",539,5173990,"Medium","Medium","Correct"
"Uttar Pradesh","Sitapur",2022,2023,"Dowry Deaths",746,5173990,"Medium","Medium","Correct"
"Uttar Pradesh","Sitapur",2022,2023,"Fraud",297,5173990,"Medium","Medium","Correct"
"Uttar Pradesh","Sitapur",2022,2023,"Kidnapping",1047,5173990,"Low","Medium","Incorrect"
"Uttar Pradesh","Sitapur",2022,2023,"Murder",1103,5173990,"Low","Low","Correct"
"Uttar Pradesh","Sitapur",2022,2023,"Rape",903,5173990,"High","Low","Incorrect"
"Uttar Pradesh","Sitapur",2022,2023,"Robbery",191,5173990,"Low","Low","Correct"
"Uttar Pradesh","Sitapur",2022,2023,"Theft",158,5173990,"Low","Medium","Incorrect"
"Uttar Pradesh","Varanasi",2022,2023,"Assault",461,2157960,"High","High","Correct"
"Uttar Pradesh","Varanasi",2022,2023,"Burglary",206,2157960,"Medium","High","Incorrect"
"Uttar Pradesh","Varanasi",2022,2023,"Cybercrime",431,2157960,"High","High","Correct"
"Uttar Pradesh","Varanasi",2022,2023,"Dowry Deaths",613,2157960,"Medium","High","Incorrect"
"Uttar Pradesh","Varanasi",2022,2023,"Fraud",702,2157960,"Medium","High","Incorrect"
"Uttar Pradesh","Varanasi",2022,2023,"Kidnapping",162,2157960,"High","High","Correct"
"Uttar Pradesh","Varanasi",2022,2023,"Murder",121,2157960,"Low","High","Incorrect"
"Uttar Pradesh","Varanasi",2022,2023,"Rape",403,2157960,"Medium","High","Incorrect"
"Uttar Pradesh","Varanasi",2022,2023,"Robbery",1200,2157960,"Medium","High","Incorrect"
"Uttar Pradesh","Varanasi",2022,2023,"Theft",959,2157960,"High","High","Correct"
"West Bengal","Alipurduar",2022,2023,"Assault",1174,862012,"High","High","Correct"
"West Bengal","Alipurduar",2022,2023,"Burglary",764,862012,"Medium","High","Incorrect"
"West Bengal","Alipurduar",2022,2023,"Cybercrime",1057,862012,"High","High","Correct"
"West Bengal","Alipurduar",2022,2023,"Dowry Deaths",393,862012,"High","High","Correct"
"West Bengal","Alipurduar",2022,2023,"Fraud",310,862012,"High","High","Correct"
"West Bengal","Alipurduar",2022,2023,"Kidnapping",753,862012,"High","High","Correct"
"West Bengal","Alipurduar",2022,2023,"Murder",128,862012,"High","High","Correct"
"West Bengal","Alipurduar",2022,2023,"Rape",570,862012,"High","High","Correct"
"West Bengal","Alipurduar",2022,2023,"Robbery",1155,862012,"Medium","High","Incorrect"
"West Bengal","Alipurduar",2022,2023,"Theft",271,862012,"High","High","Correct"
"West Bengal","Asansol",2022,2023,"Assault",545,1253267,"High","High","Correct"
"West Bengal","Asansol",2022,2023,"Burglary",899,1253267,"High","High","Correct"
"West Bengal","Asansol",2022,2023,"Cybercrime",221,1253267,"High","High","Correct"
"West Bengal","Asansol",2022,2023,"Dowry Deaths",312,1253267,"High","High","Correct"
"West Bengal","Asansol",2022,2023,"Fraud",450,1253267,"High","High","Correct"
"West Bengal","Asansol",2022,2023,"Kidnapping",522,1253267,"Low","High","Incorrect"
"West Bengal","Asansol",2022,2023,"Murder",384,1253267,"High","High","Correct"
"West Bengal","Asansol",2022,2023,"Rape",1139,1253267,"High","High","Correct"
"West Bengal","Asansol",2022,2023,"Robbery",199,1253267,"High","High","Correct"
"West Bengal","Asansol",2022,2023,"Theft",402,1253267,"High","High","Correct"
"West Bengal","Bankura",2022,2023,"Assault",769,6268032,"Low","Low","Correct"
"West Bengal","Bankura",2022,2023,"Burglary",344,6268032,"Medium","Medium","Correct"
"West Bengal","Bankura",2022,2023,"Cybercrime",1106,6268032,"Low","Low","Correct"
"West Bengal","Bankura",2022,2023,"Dowry Deaths",148,6268032,"Medium","Medium","Correct"
"West Bengal","Bankura",2022,2023,"Fraud",847,6268032,"Low","Low","Correct"
"West Bengal","Bankura",2022,2023,"Kidnapping",182,6268032,"Low","Low","Correct"
"West Bengal","Bankura",2022,2023,"Murder",882,6268032,"Medium","Medium","Correct"
"West Bengal","Bankura",2022,2023,"Rape",1055,6268032,"Medium","Medium","Correct"
"West Bengal","Bankura",2022,2023,"Robbery",599,6268032,"Medium","Medium","Correct"
"West Bengal","Bankura",2022,2023,"Theft",407,6268032,"Medium","Medium","Correct"
"West Bengal","Bardhaman",2022,2023,"Assault",679,5346197,"Low","Medium","Incorrect"
"West Bengal","Bardhaman",2022,2023,"Burglary",977,5346197,"High","Medium","Incorrect"
"West Bengal","Bardhaman",2022,2023,"Cybercrime",427,5346197,"Medium","Low","Incorrect"
"West Bengal","Bardhaman",2022,2023,"Dowry Deaths",509,5346197,"Low","Low","Correct"
"West Bengal","Bardhaman",2022,2023,"Fraud",598,5346197,"Medium","Medium","Correct"
"West Bengal","Bardhaman",2022,2023,"Kidnapping",934,5346197,"High","Medium","Incorrect"
"West Bengal","Bardhaman",2022,2023,"Murder",161,5346197,"Medium","Medium","Correct"
"West Bengal","Bardhaman",2022,2023,"Rape",875,5346197,"Medium","Medium","Correct"
"West Bengal","Bardhaman",2022,2023,"Robbery",1091,5346197,"Medium","Low","Incorrect"
"West Bengal","Bardhaman",2022,2023,"Theft",374,5346197,"Low","Low","Correct"
"West Bengal","Barrackpore",2022,2023,"Assault",620,4625479,"High","Low","Incorrect"
"West Bengal","Barrackpore",2022,2023,"Burglary",284,4625479,"Low","Medium","Incorrect"
"West Bengal","Barrackpore",2022,2023,"Cybercrime",705,4625479,"Low","Medium","Incorrect"
"West Bengal","Barrackpore",2022,2023,"Dowry Deaths",116,4625479,"Medium","Medium","Correct"
"West Bengal","Barrackpore",2022,2023,"Fraud",151,4625479,"Low","Low","Correct"
"West Bengal","Barrackpore",2022,2023,"Kidnapping",554,4625479,"Medium","Low","Incorrect"
"West Bengal","Barrackpore",2022,2023,"Murder",205,4625479,"Low","Low","Correct"
"West Bengal","Barrackpore",2022,2023,"Rape",842,4625479,"Low","Low","Correct"
"West Bengal","Barrackpore",2022,2023,"Robbery",73,4625479,"Low","Medium","Incorrect"
"West Bengal","Barrackpore",2022,2023,"Theft",73,4625479,"Low","Medium","Incorrect"
"West Bengal","Basirhat",2022,2023,"Assault",623,5326781,"Medium","Medium","Correct"
"West Bengal","Basirhat",2022,2023,"Burglary",1047,5326781,"Medium","Medium","Correct"
"West Bengal","Basirhat",2022,2023,"Cybercrime",296,5326781,"Low","Low","Correct"
"West Bengal","Basirhat",2022,2023,"Dowry Deaths",999,5326781,"Low","Low","Correct"
"West Bengal","Basirhat",2022,2023,"Fraud",959,5326781,"Low","Medium","Incorrect"
"West Bengal","Basirhat",2022,2023,"Kidnapping",592,5326781,"Low","Medium","Incorrect"
"West Bengal","Basirhat",2022,2023,"Murder",262,5326781,"Low","Medium","Incorrect"
"West Bengal","Basirhat",2022,2023,"Rape",518,5326781,"Medium","Medium","Correct"
"West Bengal","Basirhat",2022,2023,"Robbery",693,5326781,"Medium","Low","Incorrect"
"West Bengal","Basirhat",2022,2023,"Theft",782,5326781,"Low","Medium","Incorrect"
"West Bengal","Birbhum",2022,2023,"Assault",271,5057807,"Low","Medium","Incorrect"
"West Bengal","Birbhum",2022,2023,"Burglary",848,5057807,"Low","Medium","Incorrect"
"West Bengal","Birbhum",2022,2023,"Cybercrime",211,5057807,"Medium","Low","Incorrect"
"West Bengal","Birbhum",2022,2023,"Dowry Deaths",683,5057807,"Low","Low","Correct"
"West Bengal","Birbhum",2022,2023,"Fraud",284,5057807,"Medium","Medium","Correct"
"West Bengal","Birbhum",2022,2023,"Kidnapping",1060,5057807,"Medium","Medium","Correct"
"West Bengal","Birbhum",2022,2023,"Murder",92,5057807,"Medium","Medium","Correct"
"West Bengal","Birbhum",2022,2023,"Rape",1049,5057807,"Medium","Medium","Correct"
"West Bengal","Birbhum",2022,2023,"Robbery",872,5057807,"Low","Medium","Incorrect"
"West Bengal","Birbhum",2022,2023,"Theft",186,5057807,"Low","Low","Correct"
"West Bengal","Chandannagar",2022,2023,"Assault",575,6395010,"Low","Low","Correct"
"West Bengal","Chandannagar",2022,2023,"Burglary",577,6395010,"Medium","Low","Incorrect"
"West Bengal","Chandannagar",2022,2023,"Cybercrime",986,6395010,"Medium","Low","Incorrect"
"West Bengal","Chandannagar",2022,2023,"Dowry Deaths",57,6395010,"Low","Medium","Incorrect"
"West Bengal","Chandannagar",2022,2023,"Fraud",993,6395010,"Low","Low","Correct"
"West Bengal","Chandannagar",2022,2023,"Kidnapping",732,6395010,"Medium","Medium","Correct"
"West Bengal","Chandannagar",2022,2023,"Murder",559,6395010,"Low","Low","Correct"
"West Bengal","Chandannagar",2022,2023,"Rape",529,6395010,"Low","Medium","Incorrect"
"West Bengal","Chandannagar",2022,2023,"Robbery",1047,6395010,"Medium","Low","Incorrect"
"West Bengal","Chandannagar",2022,2023,"Theft",372,6395010,"Low","Low","Correct"
"West Bengal","Cooch Behar",2022,2023,"Assault",296,4055464,"Medium","Low","Incorrect"
"West Bengal","Cooch Behar",2022,2023,"Burglary",714,4055464,"High","Medium","Incorrect"
"West Bengal","Cooch Behar",2022,2023,"Cybercrime",424,4055464,"High","Low","Incorrect"
"West Bengal","Cooch Behar",2022,2023,"Dowry Deaths",252,4055464,"Low","Medium","Incorrect"
"West Bengal","Cooch Behar",2022,2023,"Fraud",529,4055464,"Low","Low","Correct"
"West Bengal","Cooch Behar",2022,2023,"Kidnapping",1003,4055464,"High","Low","Incorrect"
"West Bengal","Cooch Behar",2022,2023,"Murder",826,4055464,"High","Low","Incorrect"
"West Bengal","Cooch Behar",2022,2023,"Rape",396,4055464,"Low","Low","Correct"
"West Bengal","Cooch Behar",2022,2023,"Robbery",1107,4055464,"High","Low","Incorrect"
"West Bengal","Cooch Behar",2022,2023,"Theft",64,4055464,"Medium","Low","Incorrect"
"West Bengal","Darjeeling",2022,2023,"Assault",1175,2275792,"High","High","Correct"
"West Bengal","Darjeeling",2022,2023,"Burglary",359,2275792,"High","High","Correct"
"West Bengal","Darjeeling",2022,2023,"Cybercrime",40,2275792,"Medium","High","Incorrect"
"West Bengal","Darjeeling",2022,2023,"Dowry Deaths",786,2275792,"Medium","High","Incorrect"
"West Bengal","Darjeeling",2022,2023,"Fraud",1164,2275792,"Medium","High","Incorrect"
"West Bengal","Darjeeling",2022,2023,"Kidnapping",264,2275792,"High","High","Correct"
"West Bengal","Darjeeling",2022,2023,"Murder",371,2275792,"Medium","High","Incorrect"
"West Bengal","Darjeeling",2022,2023,"Rape",239,2275792,"High","High","Correct"
"West Bengal","Darjeeling",2022,2023,"Robbery",903,2275792,"High","High","Correct"
"West Bengal","Darjeeling",2022,2023,"Theft",215,2275792,"Low","High","Incorrect"
"West Bengal","Durgapur",2022,2023,"Assault",421,969127,"High","High","Correct"
"West Bengal","Durgapur",2022,2023,"Burglary",884,969127,"High","High","Correct"
"West Bengal","Durgapur",2022,2023,"Cybercrime",204,969127,"High","High","Correct"
"West Bengal","Durgapur",2022,2023,"Dowry Deaths",798,969127,"High","High","Correct"
"West Bengal","Durgapur",2022,2023,"Fraud",780,969127,"High","High","Correct"
"West Bengal","Durgapur",2022,2023,"Kidnapping",912,969127,"High","High","Correct"
"West Bengal","Durgapur",2022,2023,"Murder",253,969127,"Medium","High","Incorrect"
"West Bengal","Durgapur",2022,2023,"Rape",129,969127,"High","High","Correct"
"West Bengal","Durgapur",2022,2023,"Robbery",1167,969127,"Medium","High","Incorrect"
"West Bengal","Durgapur",2022,2023,"Theft",1164,969127,"High","High","Correct"
"West Bengal","Haldia",2022,2023,"Assault",959,4434110,"High","Medium","Incorrect"
"West Bengal","Haldia",2022,2023,"Burglary",475,4434110,"High","Medium","Incorrect"
"West Bengal","Haldia",2022,2023,"Cybercrime",776,4434110,"Medium","Medium","Correct"
"West Bengal","Haldia",2022,2023,"Dowry Deaths",402,4434110,"Medium","Medium","Correct"
"West Bengal","Haldia",2022,2023,"Fraud",567,4434110,"High","Low","Incorrect"
"West Bengal","Haldia",2022,2023,"Kidnapping",531,4434110,"High","Low","Incorrect"
"West Bengal","Haldia",2022,2023,"Murder",1003,4434110,"Medium","High","Incorrect"
"West Bengal","Haldia",2022,2023,"Rape",202,4434110,"Medium","Medium","Correct"
"West Bengal","Haldia",2022,2023,"Robbery",771,4434110,"Low","Low","Correct"
"West Bengal","Haldia",2022,2023,"Theft",80,4434110,"Medium","Medium","Correct"
"West Bengal","Hooghly",2022,2023,"Assault",1099,3557293,"Low","Medium","Incorrect"
"West Bengal","Hooghly",2022,2023,"Burglary",450,3557293,"High","High","Correct"
"West Bengal","Hooghly",2022,2023,"Cybercrime",957,3557293,"High","Medium","Incorrect"
"West Bengal","Hooghly",2022,2023,"Dowry Deaths",345,3557293,"Medium","High","Incorrect"
"West Bengal","Hooghly",2022,2023,"Fraud",130,3557293,"High","High","Correct"
"West Bengal","Hooghly",2022,2023,"Kidnapping",675,3557293,"Low","Low","Correct"
"West Bengal","Hooghly",2022,2023,"Murder",99,3557293,"Medium","High","Incorrect"
"West Bengal","Hooghly",2022,2023,"Rape",303,3557293,"Low","Low","Correct"
"West Bengal","Hooghly",2022,2023,"Robbery",247,3557293,"High","Low","Incorrect"
"West Bengal","Hooghly",2022,2023,"Theft",890,3557293,"Low","Medium","Incorrect"
"West Bengal","Howrah",2022,2023,"Assault",606,5107623,"High","Medium","Incorrect"
"West Bengal","Howrah",2022,2023,"Burglary",922,5107623,"Medium","Medium","Correct"
"West Bengal","Howrah",2022,2023,"Cybercrime",421,5107623,"Medium","Medium","Correct"
"West Bengal","Howrah",2022,2023,"Dowry Deaths",183,5107623,"Medium","Medium","Correct"
"West Bengal","Howrah",2022,2023,"Fraud",273,5107623,"Medium","Medium","Correct"
"West Bengal","Howrah",2022,2023,"Kidnapping",300,5107623,"Medium","Medium","Correct"
"West Bengal","Howrah",2022,2023,"Murder",1014,5107623,"Low","Medium","Incorrect"
"West Bengal","Howrah",2022,2023,"Rape",401,5107623,"Low","Medium","Incorrect"
"West Bengal","Howrah",2022,2023,"Robbery",849,5107623,"Low","Low","Correct"
"West Bengal","Howrah",2022,2023,"Theft",1044,5107623,"Low","Medium","Incorrect"
"West Bengal","Jalpaiguri",2022,2023,"Assault",350,3239822,"High","Medium","Incorrect"
"West Bengal","Jalpaiguri",2022,2023,"Burglary",738,3239822,"Low","Medium","Incorrect"
"West Bengal","Jalpaiguri",2022,2023,"Cybercrime",282,3239822,"Medium","High","Incorrect"
"West Bengal","Jalpaiguri",2022,2023,"Dowry Deaths",750,3239822,"Medium","High","Incorrect"
"West Bengal","Jalpaiguri",2022,2023,"Fraud",864,3239822,"High","High","Correct"
"West Bengal","Jalpaiguri",2022,2023,"Kidnapping",797,3239822,"Low","High","Incorrect"
"West Bengal","Jalpaiguri",2022,2023,"Murder",876,3239822,"High","Low","Incorrect"
"West Bengal","Jalpaiguri",2022,2023,"Rape",960,3239822,"Medium","High","Incorrect"
"West Bengal","Jalpaiguri",2022,2023,"Robbery",600,3239822,"Low","High","Incorrect"
"West Bengal","Jalpaiguri",2022,2023,"Theft",737,3239822,"High","Medium","Incorrect"
"West Bengal","Kalimpong",2022,2023,"Assault",1012,2334973,"Medium","High","Incorrect"
"West Bengal","Kalimpong",2022,2023,"Burglary",1156,2334973,"High","High","Correct"
"West Bengal","Kalimpong",2022,2023,"Cybercrime",1142,2334973,"High","High","Correct"
"West Bengal","Kalimpong",2022,2023,"Dowry Deaths",775,2334973,"High","High","Correct"
"West Bengal","Kalimpong",2022,2023,"Fraud",154,2334973,"High","High","Correct"
"West Bengal","Kalimpong",2022,2023,"Kidnapping",1121,2334973,"High","High","Correct"
"West Bengal","Kalimpong",2022,2023,"Murder",1115,2334973,"High","High","Correct"
"West Bengal","Kalimpong",2022,2023,"Rape",275,2334973,"High","High","Correct"
"West Bengal","Kalimpong",2022,2023,"Robbery",769,2334973,"High","High","Correct"
"West Bengal","Kalimpong",2022,2023,"Theft",648,2334973,"High","High","Correct"
"West Bengal","Kolkata",2022,2023,"Assault",363,1950899,"High","High","Correct"
"West Bengal","Kolkata",2022,2023,"Burglary",649,1950899,"High","High","Correct"
"West Bengal","Kolkata",2022,2023,"Cybercrime",552,1950899,"High","High","Correct"
"West Bengal","Kolkata",2022,2023,"Dowry Deaths",998,1950899,"Medium","High","Incorrect"
"West Bengal","Kolkata",2022,2023,"Fraud",480,1950899,"High","High","Correct"
"West Bengal","Kolkata",2022,2023,"Kidnapping",1141,1950899,"High","High","Correct"
"West Bengal","Kolkata",2022,2023,"Murder",605,1950899,"Medium","High","Incorrect"
"West Bengal","Kolkata",2022,2023,"Rape",332,1950899,"High","High","Correct"
"West Bengal","Kolkata",2022,2023,"Robbery",663,1950899,"High","High","Correct"
"West Bengal","Kolkata",2022,2023,"Theft",743,1950899,"High","High","Correct"
"West Bengal","Malda",2022,2023,"Assault",143,6913648,"Low","Low","Correct"
"West Bengal","Malda",2022,2023,"Burglary",218,6913648,"Low","Low","Correct"
"West Bengal","Malda",2022,2023,"Cybercrime",514,6913648,"Low","Medium","Incorrect"
"West Bengal","Malda",2022,2023,"Dowry Deaths",889,6913648,"Low","Low","Correct"
"West Bengal","Malda",2022,2023,"Fraud",344,6913648,"Low","Low","Correct"
"West Bengal","Malda",2022,2023,"Kidnapping",101,6913648,"Low","Low","Correct"
"West Bengal","Malda",2022,2023,"Murder",375,6913648,"Low","Low","Correct"
"West Bengal","Malda",2022,2023,"Rape",722,6913648,"Medium","Low","Incorrect"
"West Bengal","Malda",2022,2023,"Robbery",108,6913648,"Low","Low","Correct"
"West Bengal","Malda",2022,2023,"Theft",696,6913648,"Low","Low","Correct"
"West Bengal","Midnapore",2022,2023,"Assault",538,1173038,"High","High","Correct"
"West Bengal","Midnapore",2022,2023,"Burglary",554,1173038,"Low","High","Incorrect"
"West Bengal","Midnapore",2022,2023,"Cybercrime",281,1173038,"High","High","Correct"
"West Bengal","Midnapore",2022,2023,"Dowry Deaths",881,1173038,"Low","High","Incorrect"
"West Bengal","Midnapore",2022,2023,"Fraud",290,1173038,"Low","High","Incorrect"
"West Bengal","Midnapore",2022,2023,"Kidnapping",498,1173038,"High","High","Correct"
"West Bengal","Midnapore",2022,2023,"Murder",841,1173038,"Low","High","Incorrect"
"West Bengal","Midnapore",2022,2023,"Rape",1037,1173038,"High","High","Correct"
"West Bengal","Midnapore",2022,2023,"Robbery",58,1173038,"High","High","Correct"
"West Bengal","Midnapore",2022,2023,"Theft",854,1173038,"High","High","Correct"
"West Bengal","Murshidabad",2022,2023,"Assault",265,4431532,"Medium","Medium","Correct"
"West Bengal","Murshidabad",2022,2023,"Burglary",756,4431532,"Low","Medium","Incorrect"
"West Bengal","Murshidabad",2022,2023,"Cybercrime",294,4431532,"Low","Medium","Incorrect"
"West Bengal","Murshidabad",2022,2023,"Dowry Deaths",833,4431532,"Medium","Medium","Correct"
"West Bengal","Murshidabad",2022,2023,"Fraud",536,4431532,"Low","Medium","Incorrect"
"West Bengal","Murshidabad",2022,2023,"Kidnapping",1191,4431532,"Low","Medium","Incorrect"
"West Bengal","Murshidabad",2022,2023,"Murder",1073,4431532,"Medium","Medium","Correct"
"West Bengal","Murshidabad",2022,2023,"Rape",1103,4431532,"Medium","Medium","Correct"
"West Bengal","Murshidabad",2022,2023,"Robbery",642,4431532,"Low","Low","Correct"
"West Bengal","Murshidabad",2022,2023,"Theft",751,4431532,"Medium","Low","Incorrect"
"West Bengal","Nadia",2022,2023,"Assault",409,5849196,"Low","Medium","Incorrect"
"West Bengal","Nadia",2022,2023,"Burglary",979,5849196,"Medium","Medium","Correct"
"West Bengal","Nadia",2022,2023,"Cybercrime",507,5849196,"Low","Medium","Incorrect"
"West Bengal","Nadia",2022,2023,"Dowry Deaths",574,5849196,"Low","Medium","Incorrect"
"West Bengal","Nadia",2022,2023,"Fraud",1123,5849196,"Medium","Medium","Correct"
"West Bengal","Nadia",2022,2023,"Kidnapping",103,5849196,"Medium","Low","Incorrect"
"West Bengal","Nadia",2022,2023,"Murder",526,5849196,"Low","Low","Correct"
"West Bengal","Nadia",2022,2023,"Rape",153,5849196,"Medium","Low","Incorrect"
"West Bengal","Nadia",2022,2023,"Robbery",1195,5849196,"Medium","Medium","Correct"
"West Bengal","Nadia",2022,2023,"Theft",25,5849196,"Medium","Medium","Correct"
"West Bengal","North 24 Parganas",2022,2023,"Assault",419,5745404,"Medium","Low","Incorrect"
"West Bengal","North 24 Parganas",2022,2023,"Burglary",465,5745404,"Low","Medium","Incorrect"
"West Bengal","North 24 Parganas",2022,2023,"Cybercrime",1145,5745404,"Low","Low","Correct"
"West Bengal","North 24 Parganas",2022,2023,"Dowry Deaths",1115,5745404,"Medium","Medium","Correct"
"West Bengal","North 24 Parganas",2022,2023,"Fraud",291,5745404,"Low","Medium","Incorrect"
"West Bengal","North 24 Parganas",2022,2023,"Kidnapping",889,5745404,"Low","Low","Correct"
"West Bengal","North 24 Parganas",2022,2023,"Murder",420,5745404,"Medium","Low","Incorrect"
"West Bengal","North 24 Parganas",2022,2023,"Rape",1191,5745404,"Low","Medium","Incorrect"
"West Bengal","North 24 Parganas",2022,2023,"Robbery",557,5745404,"Medium","Medium","Correct"
"West Bengal","North 24 Parganas",2022,2023,"Theft",655,5745404,"Low","Low","Correct"
"West Bengal","Purulia",2022,2023,"Assault",188,1604838,"Medium","High","Incorrect"
"West Bengal","Purulia",2022,2023,"Burglary",342,1604838,"High","High","Correct"
"West Bengal","Purulia",2022,2023,"Cybercrime",530,1604838,"High","High","Correct"
"West Bengal","Purulia",2022,2023,"Dowry Deaths",911,1604838,"High","High","Correct"
"West Bengal","Purulia",2022,2023,"Fraud",628,1604838,"Low","High","Incorrect"
"West Bengal","Purulia",2022,2023,"Kidnapping",710,1604838,"High","High","Correct"
"West Bengal","Purulia",2022,2023,"Murder",608,1604838,"High","High","Correct"
"West Bengal","Purulia",2022,2023,"Rape",1131,1604838,"High","High","Correct"
"West Bengal","Purulia",2022,2023,"Robbery",598,1604838,"High","High","Correct"
"West Bengal","Purulia",2022,2023,"Theft",1072,1604838,"High","High","Correct"
"West Bengal","Siliguri",2022,2023,"Assault",368,6113289,"Medium","Low","Incorrect"
"West Bengal","Siliguri",2022,2023,"Burglary",1151,6113289,"Medium","Low","Incorrect"
"West Bengal","Siliguri",2022,2023,"Cybercrime",463,6113289,"Medium","Medium","Correct"
"West Bengal","Siliguri",2022,2023,"Dowry Deaths",77,6113289,"Low","Medium","Incorrect"
"West Bengal","Siliguri",2022,2023,"Fraud",722,6113289,"Low","Low","Correct"
"West Bengal","Siliguri",2022,2023,"Kidnapping",939,6113289,"Medium","Medium","Correct"
"West Bengal","Siliguri",2022,2023,"Murder",715,6113289,"Low","Medium","Incorrect"
"West Bengal","Siliguri",2022,2023,"Rape",979,6113289,"Medium","Medium","Correct"
"West Bengal","Siliguri",2022,2023,"Robbery",560,6113289,"Medium","Low","Incorrect"
"West Bengal","Siliguri",2022,2023,"Theft",273,6113289,"Low","Low","Correct"
"West Bengal","South 24 Parganas",2022,2023,"Assault",589,6159319,"Low","Medium","Incorrect"
"West Bengal","South 24 Parganas",2022,2023,"Burglary",110,6159319,"Low","Low","Correct"
"West Bengal","South 24 Parganas",2022,2023,"Cybercrime",1026,6159319,"Low","Low","Correct"
"West Bengal","South 24 Parganas",2022,2023,"Dowry Deaths",1200,6159319,"Medium","Low","Incorrect"
"West Bengal","South 24 Parganas",2022,2023,"Fraud",561,6159319,"Low","Medium","Incorrect"
"West Bengal","South 24 Parganas",2022,2023,"Kidnapping",328,6159319,"Medium","Medium","Correct"
"West Bengal","South 24 Parganas",2022,2023,"Murder",151,6159319,"Medium","Medium","Correct"
"West Bengal","South 24 Parganas",2022,2023,"Rape",421,6159319,"Low","Low","Correct"
"West Bengal","South 24 Parganas",2022,2023,"Robbery",520,6159319,"Low","Medium","Incorrect"
"West Bengal","South 24 Parganas",2022,2023,"Theft",376,6159319,"Medium","Low","Incorrect"
